MdALE symbolic regression,MdALE Eleveld,MdALE neural network
0.41887769132725095,0.6798138273095411,0.28877057621683333
0.0966605059859981,0.3328633917168837,0.10303923484990893
0.5453211290943428,0.8584666882991087,0.4064184574555576
0.21023299313256694,0.4004798018208048,0.18890760617154026
0.22183376330196744,0.5653020472280638,0.2738123789202699
0.46266351844773485,0.7708684381411152,0.35987687942731594
0.12936208338857258,0.3378531454102078,0.13036846306231822
0.11439602106235222,0.3266292727025677,0.15542841607450902
0.1033989341914391,0.4016613424317904,0.08148940314277509
0.1730031653178237,0.37020422787670604,0.15088435341745698
0.21900499581366678,0.5800148941185758,0.19960822239570156
0.15072335584450736,0.3220591038865702,0.16296971827853549
0.13297888828593787,0.4437369605696836,0.18685141565501218
0.27779423787429136,0.48078130591864066,0.25578213939638067
0.10717401803403175,0.24142096069001243,0.1260877698210357
0.4281118843190714,0.1444050268740658,0.39129410506866635
0.18716096333064497,0.1422854328385505,0.21554293132803354
0.2086911946023194,0.5132655088610809,0.307753364107249
0.24346094709628055,0.5321284388950415,0.22224700229495487
0.07275701318103973,0.3205313044468692,0.1316204758253976
0.1577025512485587,0.5037916154769174,0.1628254190379269
0.2649359793818607,0.540564536835122,0.18135735942720727
0.08878049675708198,0.40056936185495706,0.1362364002978232
0.30543090325582006,0.6773616244290525,0.3016267037626136
0.17914912135536254,0.3705165223791031,0.13225470145782064
0.10223049156123651,0.2205989038890688,0.1383240200078127
0.1690135070641352,0.36987584597295875,0.18109514699880785
0.20714436610191767,0.3530179358368901,0.23392334861831976
0.1882152576005296,0.2780267637425076,0.1762280818169663
0.09189298286552007,0.46147561369768964,0.21161821625506297
0.12773215285644182,0.3888162928252078,0.05762584621014928
0.10562242730192291,0.14893413401664524,0.22072224393560066
0.17017497145539573,0.45188796957105976,0.20244370128254363
0.45440130028932524,0.573251736493905,0.28214164625364274
0.5636737604887813,0.8753498395985286,0.3882583901551743
0.1641044009697625,0.4760879793124318,0.0951342288173877
0.11119512067279219,0.3901621501468995,0.0690021895044376
0.4230669770928049,0.6627677000485745,0.2773717062864142
0.27811943575109405,0.5739548777561468,0.10549623588706153
0.31614792322377816,0.37998913975992177,0.5200871128941473
0.12544427330952737,0.2960975567249268,0.07308586939549847
0.17747349218582276,0.5316549812595203,0.11550541694662375
0.11772884222876591,0.14876895699516215,0.192383046583667
0.5217738988128146,0.5915028365379349,0.2889255100645686
0.2241228165387085,0.5300748506916019,0.11217111221279939
0.2737784710540695,0.10126650103000784,0.38535554111721104
0.6767205480746272,0.9316063853670218,0.5331536776964816
0.1477185896241944,0.14876091717445156,0.12140824991917971
0.2634871953600674,0.49799829922123934,0.1590756811308239
0.1204603876385898,0.22650282783470738,0.12731074287116853
0.41392561087370133,0.5957482947955958,0.259419046858896
0.18628870395871755,0.056711850297588906,0.3075896474083265
0.42654606419584146,0.7100439341606775,0.3386977923863002
0.2387193517654351,0.4648316865146254,0.0962174697653371
0.1276820121350681,0.3734456510516156,0.11273465866313556
0.024442045081818443,0.10713925294719376,0.2369543503279726
0.08984327761873641,0.2043857631553071,0.09784517145037845
0.3432495172602806,0.6023145859528498,0.2615539595199034
0.30043566731646343,0.6504029811480929,0.2690231738773838
0.14017927189616494,0.3180449669830368,0.05977911789914866
0.45909172840270523,0.7538089168463789,0.36257245143462713
0.22156711227377207,0.45796113144945577,0.07214467024254569
0.07348326861821047,0.3101131736596711,0.10203311818769567
0.033855470949637034,0.23694865517543406,0.1402862912916341
0.4015052555032321,0.5993551458089779,0.28791748296195896
0.13601737751023055,0.375126468002074,0.15604641782165715
0.10923659434340949,0.32277522962390526,0.026469089650995103
0.1337748094261813,0.46118142285295777,0.28488102833741985
0.9033323557442237,1.0378038325989472,0.7314791647828583
0.10886018453019085,0.2736360213249962,0.05999927030075259
0.0932805189921142,0.32772026782142166,0.011667227350352832
0.3167154433697289,0.5447679329591634,0.1997677683534103
0.2591950945863999,0.440041079827998,0.056498879220208464
0.3412961806637619,0.29919631941267516,0.3802099079304766
0.27485973824498056,0.56416220695359,0.13711263454161898
0.2788711874682761,0.6006094234514316,0.2695558240342166
0.06293408958842076,0.2860457217810431,0.05512558531950527
0.10590820366516827,0.25613991937240355,0.029687078917036088
0.31989962251659476,0.5158422707201042,0.1393531532894465
0.044358352225792645,0.15928641745016364,0.048304887951698905
0.44777704153195,0.7495550634252426,0.5313110407620606
0.20050293175749068,0.24441849375278044,0.25562955362865913
0.38460733486755494,0.29165283370689343,0.2478756910541363
0.3119365143862702,0.37993240503366027,0.41086988765088617
0.2033760787467647,0.27097601522684156,0.22096836022678054
0.14021387502082341,0.07912338412620862,0.1556424223568731
0.12431569246598748,0.057345607830238676,0.14379364310586643
0.1328589221522185,0.1268088355846056,0.12112555882464139
0.21907759348090844,0.24965975683442057,0.24673125413166613
0.2798376266092063,0.43835066207573503,0.24139058292699073
0.6460265100666436,0.5697167524818121,0.5313682939313225
0.22067771546640855,0.2033819319319793,0.24062149467397947
0.2332959299611682,0.1990976807411265,0.20716505230986818
0.20029144173636568,0.08522951263405654,0.10652886885686393
0.19273139602786044,0.3869164603543962,0.2377617312990334
0.14141240569789765,0.17924186670214898,0.15002516293950288
0.07444394283523595,0.2682037928019664,0.15079474531034565
0.5334914446631777,0.6524192212300909,0.4848307932274846
0.4050888850328382,0.4604744757084549,0.4518029028338344
0.15042600124463068,0.3368697933079595,0.28632096180807376
0.4137627835085601,0.3018461812870634,0.257215735636835
0.22446257666983366,0.13575262885176329,0.18521215758782722
0.13589379018211273,0.11399869889299982,0.11462282109690457
0.3035166123295217,0.3223056426843667,0.30259445980817135
0.19752808574316055,0.15753736296751963,0.13515480059241583
0.12167318865313108,0.15970943343212649,0.12383132545487373
0.13551499217131366,0.05816545014260392,0.04397191984237506
0.09584381382830398,0.08738383795299504,0.12885756684273966
0.37746388350520704,0.4202633265211141,0.3691616125932655
0.2481878128631697,0.18884114226778448,0.20625123371970958
0.11854103889761586,0.11273651195830665,0.12829798700270656
0.3000908810754963,0.226030326975694,0.24441590598147692
0.682090546370456,0.8153035945492002,0.7102469970754971
0.21223344428586288,0.25400859890430544,0.2274577126016601
0.6250371721304414,0.6237847740261472,0.5975559425124525
0.4431355817994053,0.4963222903760468,0.3433187699516736
0.2061852189410542,0.19979888384736239,0.2270218434261531
0.22901976705433125,0.3051503628383699,0.1840825609975266
0.16231261464292582,0.26090877011103764,0.14407391731512936
0.7966741941498146,0.7846788012870727,0.7692693106063018
0.6520094726272082,0.7108669923897867,0.6698990242401349
0.48169650353029425,0.5466068209757624,0.5326420702589063
0.36882193885804937,0.453903800439922,0.38398111907849086
0.5953828929939279,0.6373377370559576,0.6210310253663132
0.22210951369682294,0.35951409444730154,0.30878249437809646
0.32589112373198736,0.34464085661601795,0.3220338294679562
0.279531494581835,0.24472004849865453,0.28618079430050314
0.2285958883259441,0.18045440548397423,0.21013005927177755
0.4645414891845934,0.4133421627793544,0.4198793657346722
0.08649239458932478,0.08698203980289412,0.05256621009312705
0.3883771407216917,0.38625388298498653,0.4827043810579073
0.09579657897717578,0.06520895071694574,0.17430833434432824
0.4369355689084945,0.3749946914024007,0.4787657574675827
0.18918234328104788,0.1697315561317092,0.26048204333352
0.05661496564087605,0.047596370936531684,0.14779992376294127
0.502557594768491,0.44407380565119664,0.489183273346563
0.15552704178516366,0.1593291144373113,0.04060705414728318
0.6567344708052647,0.6002533220964148,0.6977407605410513
0.6354222054953734,0.5557245601303513,0.7116689716113791
0.1910135258198118,0.2066935634322671,0.21476942951768607
0.22058581174560052,0.27481982902653534,0.1644502562406382
0.12503261688146186,0.11179387621085068,0.16379766872896334
0.19740806017351373,0.14707893243596312,0.20413051010100355
0.07055337007652962,0.09916885914981753,0.08643075678498684
0.3526764925138104,0.2404690261558607,0.3322410089020342
0.18138342446927577,0.1887117061703733,0.20777120721097814
0.14458017310692098,0.09873643681032908,0.20990350585966075
0.11714342456140894,0.0811000195474453,0.1724139715777637
0.22009620115256334,0.14626942291981293,0.277656654421206
0.4660243910466683,0.6036641150998686,0.45129828984052006
0.1485258456792587,0.12598203677784167,0.14418584773114754
0.3510185208583178,0.2684284846397953,0.4471066406827089
0.2827228892250826,0.32989333208444616,0.19269145029296597
0.7766022064281248,0.7505068441547624,0.568110027401318
0.1787981974483848,0.18904469230179857,0.1420213379600668
0.644317060592291,0.5797925601148671,0.3404971247431676
0.3837716664606185,0.3894353170351104,0.20700283300952352
0.5946207232213756,0.6930450838587905,0.658092340953389
0.661963905193648,0.5705684845526237,0.33490261793445913
0.38651514895336275,0.3916329993115553,0.19801156648336776
0.2877373578087634,0.4900775179216626,0.34270249545002107
0.529058796702157,0.6220522488713752,0.32293619177766103
0.5027693590365561,0.40277144625725003,0.45700480478457933
0.21171962093113167,0.17420070521781827,0.11988176133750753
0.13951831613163287,0.2175845196004152,0.1953645049077994
0.1797091322309804,0.17371014169054852,0.18317197697718682
0.19360401262698448,0.12709569768274845,0.08843161156862281
0.25563743661387067,0.11461486109619648,0.3358879363901032
0.21544225053932353,0.24522773415477567,0.1371096551084289
0.3141841185158818,0.24366216615888395,0.20872287132296727
0.5586639584660654,0.5942088770673261,0.4601613372531292
0.40814558259985767,0.3092272053258758,0.46442760989858134
0.5679209280876939,0.4784626098471196,0.3462405688905564
0.2329323592222591,0.320779388316521,0.31211761635554913
0.6701170743022611,0.7597063151325083,0.6019062221375447
0.36886787400971993,0.38021032986945563,0.4165624301065705
0.5934743368749615,0.5383240143783669,0.5148993912425723
0.45577211412266483,0.4884797347749291,0.4041608628520485
0.23058748067043844,0.38308986148250823,0.3165203340024894
0.40460876059267054,0.2345769662278212,0.19910911419549648
0.22451637028041582,0.3548888160456578,0.14793076831790825
0.15344699307309906,0.13709081205840135,0.12831259406362347
0.5463216892428889,0.4576027998601497,0.4280090132191168
0.6681235671044436,0.44759752412242804,0.35852287705177155
0.21567427148211332,0.28616986397979005,0.18596891495654141
0.5567188804516421,0.585354803642196,0.5237670399800385
0.947937454246503,0.9780375822051441,0.8978910061049116
0.7729778144653786,0.9227139298671672,0.775563409243963
0.7866707944840879,0.7798601541480604,0.6773380131175498
0.8727552987726835,0.8486818775628894,0.8561956184142507
0.5154301105882972,0.5565030206342214,0.5568144027038904
0.4783925426959079,0.48602592226632746,0.5178270553711777
0.520473107937985,0.45577024822172313,0.5349421680218321
0.4121053147344501,0.46837430085107395,0.3132525475138671
0.36365780673554404,0.3564044644474422,0.399879740279776
0.5936059387014114,0.5584742321473553,0.5339389666490244
0.3459331245260265,0.5186992417514223,0.33263316095303735
0.4144912684822045,0.5274366085637366,0.3827908996976386
0.14007211532863117,0.15482616592086393,0.16855723101322181
0.16613200417924323,0.2491173107829533,0.2121153380882806
0.16270501133742932,0.2084155363456666,0.12785177426293093
0.3718352436600966,0.41052325587461413,0.27718481676604684
0.4309406456526955,0.5470358427047632,0.5494566004654897
0.18903658345547664,0.22005040464477557,0.14817757333797557
0.5922932830795101,0.508541416950816,0.7016332101908751
0.4273949639576486,0.4685625735032658,0.44241761419175046
0.21113478323554302,0.34585728948833777,0.27061215092524865
0.5461166511364813,0.5906867957321484,0.5531477654781802
0.37641906686739346,0.30990529267056444,0.5257777567253501
0.4211162589166217,0.4166912784841816,0.33787562299842877
0.23660889210675948,0.48804507686531856,0.4021652219914858
0.3939937199099781,0.45041265459849855,0.4812567779341866
0.26485591543770226,0.30074925081391446,0.23091558406636686
0.1152625480973377,0.16135744044385514,0.08431497876943278
0.17130614720331977,0.2548635664321313,0.22665134934287798
0.2614686117947598,0.21554850381404556,0.23021927922514662
0.2863461478604289,0.4912030941983731,0.37005650612857477
0.17218532922592678,0.0471016480293296,0.08483505574075134
0.2520064088720372,0.41581343569481694,0.2775863120637573
0.5443437197094831,0.6120112578999255,0.4631683514983855
0.5622452530300975,0.5554641620620332,0.4975925170890417
0.3140809441243917,0.25134478216933576,0.2577225050381945
0.3232141422044644,0.23309698090342618,0.2505624445555296
0.2896123173346554,0.48265021489713333,0.23078902235142057
0.1863418495742386,0.29622618570241505,0.2660476629619442
0.197617307893922,0.287860599713685,0.2789804582145177
0.18379627874597396,0.28243920977763887,0.20042123607263945
0.24120569413261828,0.2229029442200154,0.33447191783875
0.21545750947257444,0.12134738535654549,0.1669007184722644
0.22108882195899618,0.3572709223643994,0.19073243215854754
0.2715417075685114,0.299203427193177,0.21706652352847375
0.31091856999026024,0.6527042539729607,0.2559238828180811
0.2806760260614729,0.370532380304605,0.25739636066381844
0.3596060344120527,0.2724119698402473,0.25732561160696094
0.25300687600190547,0.2244939162693539,0.44113740018818953
0.5251082122995703,0.36536764731850313,0.22299052303457792
0.40257282238990927,0.446477042336634,0.47844220339506427
0.18703691609056294,0.3418384810139158,0.21243748826049053
0.38948551408397314,0.3637728041009842,0.39686871639571897
0.29317902928144046,0.1331960844588501,0.37402718450789507
0.25374673422568844,0.3903590465897546,0.30702099914653247
0.33684043950290316,0.1342524874118827,0.18778382230657134
0.31237601500846024,0.2376700882981019,0.3041925833988556
0.25051410311095557,0.1481922897033845,0.2637570929044536
0.22307068145644554,0.261688845866422,0.2032104962005989
0.4315338016869462,0.34046162012933706,0.3431078596191467
0.30992143437958797,0.27171769215228186,0.265946163479389
0.27711292007097316,0.26615870425753463,0.23780745813701823
0.19539342636862872,0.23568491293279084,0.12639750167026634
0.2833360724926671,0.1610493473658699,0.21032969910301552
0.09089386375234312,0.16329452367570862,0.11711209272079082
0.39924690501464377,0.3752691807178085,0.43291425652058824
0.21911036226395764,0.20212951396735176,0.20891251099221889
0.1523814467419224,0.1356900407683901,0.18843192275312548
0.141999185485613,0.20038453053942684,0.17407745929010937
0.39556824655719514,0.4429737561387526,0.5462819198585018
0.16632784493704722,0.2764666207957984,0.22804815679869908
0.3684931601937258,0.21209278867688686,0.248372689241459
0.17367508644473503,0.28030187636392934,0.3071332653642995
0.12234687649005614,0.19745022469293758,0.15639328112086812
0.2815156022648202,0.3100517902810323,0.3960415915366162
0.3513581525529892,0.2561712274496973,0.25193438167747695
0.3460237442991119,0.3324353304819637,0.556021211931754
0.2986083421989386,0.34834220005096944,0.39577269578178687
0.21968739596615985,0.3188097255153953,0.3787709908908814
0.4402715978889966,0.482553607808444,0.21320504113586847
0.5859297487378516,0.5762532263137441,0.9050312442605806
0.4087924499754153,0.29197604564086604,0.5421505556006574
0.35691224873812544,0.23084745373903204,0.2502357385527505
0.22446453994540996,0.2142087608301715,0.21374313778724466
0.19384193680005166,0.085424831788128,0.20942902717179868
0.3184108759373109,0.2385386029065833,0.3869211832598679
0.38742718226949246,0.34826642941182934,0.4827647897239415
0.2606348608998325,0.24102432126805634,0.2150414635155723
0.35768678010301846,0.24832159941588577,0.6953428508931019
0.2255213688607573,0.26742135846663107,0.23935400847335275
0.782710763726269,0.5502462128038892,0.897560733518183
0.2225307339758616,0.13707913591429607,0.35718430206765506
0.29667196005510515,0.24702945164968873,0.5807462529879058
0.2010703386964713,0.38020692913388665,0.18793941082814586
0.1406826189279868,0.19675685551002117,0.16166878800926213
0.21804565970676149,0.07521149596014076,0.33381158872629113
0.05432507639073798,0.14610758403411908,0.18293059685010749
0.19539593790139345,0.26996453983403795,0.22828556144667822
0.4352630950430333,0.32337705678912276,0.4861146965135934
0.27767746020484396,0.21990411117608963,0.25229537735212726
0.23369133087810495,0.17329882157453497,0.3247539581444735
0.4787291872331227,0.28275640509601546,0.4870334634008141
0.4761390575172671,0.42552629088164345,0.60545423764371
0.18377089784115322,0.08414222826930662,0.23790040749362865
0.24117064900868693,0.17883485538440652,0.32381375809734114
0.28541239945494956,0.2409541644345003,0.33454681886997895
0.2151595843267725,0.18826884356047066,0.3090162152973512
0.08864636193623307,0.14508965305330124,0.15983667680050206
0.1912259629588213,0.16513794843454027,0.3707803135373834
0.4735105225603108,0.3823615976439688,0.5281373693950131
0.27187384422908617,0.3157809227084336,0.21436132484391415
0.2170854558448336,0.2359087739348305,0.07521246052812602
0.2727595470233037,0.1787809567081588,0.39074297685006015
0.27935106913999624,0.24318662563736537,0.40152634857708286
0.196352883569043,0.17042502768133738,0.18744398364838083
0.3541359668221369,0.23818609186512635,0.4418989987607469
0.4614261098019636,0.38898968982808535,0.4806235628206268
0.38345857599265043,0.2835298856203289,0.433288207821405
0.35358932416493033,0.19931248806779095,0.2194911541305887
0.31749884009347124,0.29678334245973353,0.26875401412955563
0.19188422281751413,0.21365226064810197,0.16196080814128366
0.39137646706015383,0.3950616793247467,0.22863614186286715
0.42113369528085404,0.2907972772705394,0.21707061301455868
0.46354517006470025,0.4380657681357277,0.2064541313393198
0.09350540721844673,0.16030710609795634,0.09459375956322387
0.14498913195966284,0.25353786429565467,0.13379619349917612
0.17300682898474115,0.2270090119622125,0.09393184007477759
0.14122454501913143,0.3644032050696144,0.10739496187325452
0.24318540877300723,0.30209855759583276,0.19346134497869336
0.3210180982042038,0.45331503345177826,0.3168439514957792
0.5549489754364627,0.6910697835234001,0.47344586866761396
0.6045383581206982,0.7724088714938063,0.48775039216471766
0.3132255910495536,0.3581763425912781,0.28178765317904136
0.25721008657823,0.3588087246321828,0.326854707526253
0.2137018029870971,0.2072479270653872,0.12517779943549176
0.16766038559815488,0.1329424249073806,0.15372949660754004
0.2704890796311462,0.30667028383214195,0.23153911619919232
0.23297182989383733,0.3268365239232507,0.17360219507064664
0.635585086466134,0.6990760713579336,0.38406275677423657
0.6415733226971282,0.667334018339273,0.371602508135264
0.21493552026448198,0.11401054312525036,0.21665526175005456
0.18470107643142358,0.2998212625558654,0.19493372232838904
0.28952290671080005,0.446768600245688,0.2677854195834249
0.21605177009591,0.36148311327044624,0.22153619582808828
0.18347588114766522,0.1533454659336278,0.13298938689429082
0.1472354569116477,0.1678661662060818,0.13289379373609939
0.13709526828164087,0.1596343571429837,0.12948324757713778
0.1682643700277231,0.17422890867700494,0.11463850147277435
0.4494841690493657,0.42296047665338293,0.31093519831477295
0.32683995417006084,0.35378872845329945,0.2064366375897921
0.3350753127928434,0.41065115420264353,0.27790661906981423
0.3641952619946024,0.4314703435531501,0.2850968007417373
0.6074009267181057,0.5167980917291101,0.37004376502434266
0.4367856873271734,0.4561667101349105,0.27082932972215173
0.23697629341320825,0.31173834974661996,0.2363320396125296
0.27286418573685606,0.31410419902321,0.1697310405419599
0.29910971432879424,0.31042027723530413,0.21090714056287557
0.21673330924411027,0.12895501666189382,0.14753780613495968
0.2167035741758399,0.1612752468973414,0.21912516071577298
0.24143584745780974,0.20310090771642186,0.24442352507466872
0.22645426250395664,0.3007638732848466,0.30442134996337705
0.37702046544806356,0.5577412097113895,0.4147877051908811
0.26102549763481275,0.23632299757781575,0.13390042246277953
0.5296461058798652,0.6023520522615696,0.3670379489930809
0.33461155336455833,0.47550235581578043,0.34249425555089774
0.38331361429185995,0.589377051379084,0.49723744395686614
0.2716929938718265,0.4291470736901655,0.37620095919391905
0.2872408453728331,0.37655877718331154,0.29756588358558456
0.20748428255207105,0.2757234377539145,0.32572784927587606
1.6319846813686563,0.6163646264218934,0.35007370531189674
0.31679048430085865,0.2657909467555371,0.44862568907918565
0.2216579438899139,0.3133526727581492,0.15952624099333773
0.40376271775644534,0.291498768141249,0.36397200938848395
0.5853739882944429,0.2937849537624373,0.5498010585050841
0.2413217304612554,0.24223497607095015,0.5211965857744083
0.2562037069569894,0.2149568378598541,0.1861707826182985
0.5720973893616066,0.7021942874015072,0.2815352361113501
0.3679250346602464,0.42477568251747244,0.1143902448559255
0.09848099442352057,0.14470092115913594,0.16803606907534102
0.2530732362265837,0.3758524864022244,0.16746580828985846
0.20536446739373534,0.17176353988141596,0.21965052140570718
0.5444425287973225,0.7145221099052051,0.2997140428563435
0.37099338923764097,0.5313182512454144,0.28496909838435036
0.1953365174067231,0.2646462575385796,0.19897806165570756
0.2778938214889748,0.49028833864410365,0.2040905887556407
0.4397563527038877,0.633743756462052,0.17976719619799347
0.15108554780687217,0.24109955941887087,0.12028019321735962
0.36000076925256824,0.4110289507829926,0.24044350658000554
0.251277793720863,0.3067503727851651,0.15682556058147404
0.4284774270946166,0.4735161345902246,0.30818277668030875
0.33636152943242004,0.4001199893605433,0.20321793645536979
0.21820663794116288,0.13364488420898418,0.2865960681445671
0.10793124731278286,0.18721994227186423,0.2884472839064891
0.8085266012354362,1.018219105715473,0.2901161656757359
0.6266986739226316,0.8980627882188963,0.27136180980456404
0.5324082035719212,0.4365242280897405,0.6448275771313672
0.24958989122841746,0.29872478469257224,0.3660625016473442
0.4678129934836319,0.5239998607990627,0.24504840994976965
0.17303499948229725,0.2372945833098903,0.303757912695769
0.1811091593961064,0.266576088915822,0.1733149180996788
0.4340519410689189,0.4828989787675648,0.17092132725334552
0.3653037390399884,0.3392632592011722,0.35030433313136145
0.41207834988557823,0.2164888864731528,0.4362955845325107
0.3300088175450988,0.281674802567023,0.28280578702092474
0.2812709904081335,0.42794763610970454,0.17528338934125223
0.20371119506344323,0.4158703889459337,0.23417264414245312
0.5951586784800256,0.970779936896316,0.42641701261651577
0.15052339340278842,0.4784782008116605,0.1799564522259428
0.6192026334204882,0.8385983969616218,0.850818529813113
0.6416164577756822,1.0299500980746026,0.7789083370193113
0.39304653739117124,0.8439229478611048,0.5349070239903138
0.7579601560543938,1.0156890512427337,0.9316930573814322
0.29903924764169454,0.6598460246855341,0.47152451921333466
0.4348682874536869,0.7223988998879277,0.51006982262673
0.5235760278313226,0.8516346107281867,0.3800451361624504
0.948097393355764,1.1641208123991782,0.88090589571767
0.3208008370169182,0.13856571574329982,0.3681684579095476
0.16033240227492304,0.05477798010573095,0.5971676382690136
0.16307988324490957,0.3180570677184161,0.1519834271086656
0.14731792044407713,0.07711227190344608,0.18383180547502131
0.13355501088393362,0.11898374475123452,0.2595014160746631
0.16174083732332906,0.09889891090112099,0.24392666859487233
0.07389747653601923,0.058750265522653965,0.5494478820187865
0.23957979251048633,0.3608255655262747,0.11345713950852047
0.08668838049011257,0.05071511002912015,0.476957300378369
0.1676563531889662,0.27492589803533474,0.1711074532638356
0.13247567613242608,0.14207718150612647,0.5110587678666745
0.15267153684763823,0.15246779828419216,0.1526363815539052
0.08966013620772478,0.22277791735011584,0.18192848982536536
0.08142135961570494,0.07274875644591229,0.25213959278951664
0.13464156897472193,0.15745645442433615,0.2818180375576183
0.1513833901248879,0.2682164300332028,0.17105898261429436
0.07543298780095258,0.09285725915619758,0.15640226621575828
0.2714120390804417,0.33315034903680907,0.1726912647715126
0.16224721512940168,0.2090785360605299,0.1690309787948947
0.18837672125068336,0.2658417225669712,0.07412530385573782
0.09904507860349897,0.19089456107669553,0.22790382365625053
0.11328731894689191,0.1601458465012673,0.287064084774136
0.25046242673763586,0.11270322759761052,0.3760310503892215
0.19339857670063548,0.1529980610595811,0.23828971947293745
0.19401120974084893,0.14013800238231255,0.13996279470922784
0.26255202915114373,0.10788487141466818,0.2116984227266265
0.21425198217563735,0.2053263611358807,0.21880334552109265
0.07877158683697401,0.18911978344574637,0.18808157830902286
0.09817193801726001,0.16557332103048372,0.26391186781541426
0.16011649997579808,0.14924555442799028,0.2696658329585691
0.07736207783879842,0.12869842857823754,0.10042058426340769
0.24417682298094381,0.2558107854976487,0.35787556103898693
0.18432501692606496,0.40752474362551677,0.08358794381492997
0.1335609198513392,0.09426636875092181,0.3044777338259842
0.12166622050491191,0.1624037047966948,0.1619503835484467
0.19653394291181425,0.2585399937288483,0.12371711038017262
0.1017177959475026,0.11433287232604704,0.26232084191902905
0.18165416693108324,0.05261669266028166,0.17849667126588906
0.12169199966605797,0.09102333305382045,0.2138186919129375
0.09016292476853593,0.23077390080684249,0.0786492460781798
0.4478108515093585,0.3055472339754932,0.4277352244923103
0.23114832448026232,0.3398575522751334,0.11163332164526608
0.17642408048436908,0.066660220139763,0.27455677054024336
0.08086197750302414,0.09698545039575107,0.13493649474960745
0.23426420863665243,0.12538707706523045,0.2592915799846327
0.20030954572592963,0.08985606037182498,0.14473957467511472
0.3328578718108599,0.153519638510351,0.5806149099454466
0.22451746420635937,0.06339234111441903,0.37497972453221495
0.32148710503933886,0.4428904584946873,0.04757689746955003
0.2523922863365896,0.22826598444461582,0.4526596580983604
0.3942037632107176,0.3200739898382293,0.36626735739859295
0.2561090275106205,0.1082437500977697,0.30390965791966795
0.25283128690067264,0.35999508188740903,0.1319970273243502
0.10541818205250425,0.211262232660819,0.10714769809083191
0.02410094282088042,0.1915629134151706,0.20207051153805353
0.14513615877432054,0.13977579343262272,0.19876417754675932
0.12018624479700235,0.10378800667881646,0.18966828737961616
0.29386137072406004,0.39644099538865885,0.19157580333686278
0.1205963815117414,0.053822429875005635,0.29640280881968667
0.08224498367208499,0.166186340398333,0.09009750491517673
0.2808252559893562,0.3584374875135208,0.0749625587649084
0.08428193791947726,0.1489713095367113,0.1282453065534911
0.11901782854132344,0.11596191049550261,0.15779026471175114
0.19445146173429168,0.14197449793390332,0.132424618879985
0.3692230203804594,0.2939853495192714,0.2873277537359367
0.7642111496219337,0.4565972777404569,0.6591731503652181
0.21463626505196226,0.13124629833196544,0.14208441168368255
0.36673209069307494,0.7284268443689439,0.30200713784963357
0.06151154339138487,0.24184545040111843,0.043986461213234664
0.15713966915752794,0.39159938052218485,0.09919116919557626
0.17506440489996963,0.22271834410856028,0.07643620174556234
0.273467392447534,0.10482751649614917,0.25910854693631297
0.15598308690001977,0.16070686637251713,0.17485279639979617
0.1755033675918322,0.11458104895206407,0.1027253672967501
0.3248521057007854,0.09948134716556452,0.26076537677069583
0.26026926169326003,0.0447380879581699,0.0905306419946317
0.5603406382292847,0.7134900467765518,0.7988399284588341
0.10240760675086914,0.2120442390778856,0.11249872494903186
0.12442471387274139,0.17739324579197333,0.08215314910135632
0.21459899645256625,0.1388607492301704,0.21462427175356796
0.1726889052316346,0.12732079384860917,0.14786487538870205
0.5122959423177094,0.25361263194745753,0.4754576913569599
0.20663350317620668,0.4018073045251941,0.12545841312805656
0.13874685275961185,0.17917298784393632,0.16179941106063267
0.1272836867612682,0.09136757684296443,0.11861785349042189
0.17992599853104985,0.3264535544220354,0.21043607276164442
0.12231025102850314,0.0933065992099914,0.08044149456508579
0.4801471296211236,0.14491256745266767,0.5199766645597899
0.2643571259796176,0.20318662708581703,0.19183793506488533
0.3352683697789585,0.45292219610232665,0.4195403288203008
0.07021248709625665,0.24239361551202718,0.13841784601344653
0.07524754482207431,0.32944413645799864,0.08491982554934673
0.18902078924452675,0.1308806796923887,0.09609808673705579
0.10051004860611093,0.07612742775526542,0.10263882374357797
0.2705450146952707,0.5167992299849329,0.449098853688262
0.20625219516468526,0.3675102904233095,0.2814163098697736
0.1120688079742066,0.2166255596040837,0.17122701387323863
0.1588835380684542,0.08151544125590099,0.07824434468504052
0.17294343908955134,0.16783343552145924,0.16211894912566482
0.16769987861542468,0.07644297946338045,0.09291391521238686
0.19659510797454263,0.21368066839251731,0.2519597918343857
0.3167745972202046,0.16245769028092016,0.09613213748604961
0.4831209625590416,0.21680365658562947,0.18544197488820374
0.32028955692039557,0.10718892957635712,0.3175544177665679
0.21497176284426023,0.15988035921184615,0.20137298719437052
0.041950606178939795,0.27049926403200436,0.06795989015832486
0.41010536144768783,0.23703612981610533,0.17034122700961296
0.3631658850357952,0.25747381101065947,0.5470955394262598
0.854192581036622,0.7102420358448687,0.8837923862256847
0.45183771933338135,0.3987090675018782,0.5587149140821841
0.4326634921548514,0.32197446819251435,0.49219088876348754
0.060553687638660134,0.07215943530878997,0.33132947441435145
0.32406653595982093,0.3539499624068789,0.5932977383541058
0.36526211855477164,0.2141404840827622,0.3156407649306838
0.30737747095984935,0.40661924257029625,0.42942972475150576
0.6526776509228176,0.6193856689542867,1.0752645523338704
0.7064158673783436,0.47865658544414563,0.4592324854942142
0.22196254651018618,0.2706340284502933,0.46735083338914607
0.5279032286859778,0.5758279435823247,0.84493318277199
0.238373308764933,0.4027056211647698,0.2472269274030966
0.5397396783217696,0.40045837683694774,0.5521997461490238
0.24383577574711318,0.2771004084867251,0.1402719795081842
0.12951244383727054,0.30870117372749845,0.25276921731679036
0.3086229823622376,0.3892777860344656,0.23068423809555702
0.16313026988056248,0.5658912623420631,0.4757444473880823
0.19867542221992576,0.2664147870808215,0.2666900449980284
0.3914619713852483,0.3606282756232583,0.27652417607300006
0.12714338287909127,0.24575870277581546,0.1475180047156593
0.26251486081234965,0.12226712942286644,0.1972086483144157
0.14514027262611454,0.2536561887197514,0.1280130313084964
0.32028931783873804,0.3799060707892176,0.35604416209726975
0.20455278860349269,0.18540221203445545,0.18086934638407834
0.17700038190000228,0.2700428987830562,0.22757939554838613
0.27940362865314056,0.22972632746173213,0.1979208112745877
0.1599086295598281,0.22931897372303492,0.2279747842292659
0.28323270375052695,0.19340397757753242,0.2809154742947007
0.20552855703310713,0.15705071167055185,0.19093803905733517
0.43194814750292787,0.4797325230152698,0.470510277447939
0.206993162641181,0.17378273490290413,0.20549062291071996
0.19442829986626947,0.277276191383647,0.2138857334972336
0.3605615365759857,0.44041002535470525,0.4938974600068346
0.21939734220159188,0.17662915770468982,0.16856807850624508
0.08870570212666319,0.14141456425603927,0.167135657415732
0.2380801434414107,0.4610013047643591,0.23325761738943943
0.23286343078216162,0.19424286865037307,0.16529859427412757
0.10103305560287937,0.1318668892952594,0.10427051133855075
0.06162064171099196,0.13481319246887224,0.16665301523458534
0.3340129704872813,0.48719506585268046,0.22154236354407816
0.1436925722219986,0.1810475014205571,0.09106280776509275
0.23851147937179393,0.39123396256993315,0.2596634602180113
0.1807462179811024,0.27133448596660664,0.2502936143752733
0.32747862885567514,0.3246309671411898,0.33222860118487474
0.37591153448040177,0.28665975149859685,0.31916881228544003
0.08002984055925563,0.27658743873382186,0.05181935460471883
0.09026117168340632,0.26304244612778405,0.18023006609692005
0.09685504327352829,0.272006653547521,0.15362948508298951
0.196789633392977,0.368444176147733,0.3006455124677899
0.16123966931061273,0.20121515760534534,0.1250410550517544
0.4186758756794873,0.12237631075796868,0.4672452711798944
0.23891111888608185,0.5863254069479998,0.18183130362743702
0.1629189261551111,0.15889285144395213,0.13063489534092956
0.29423715510237497,0.4621700507644289,0.31986913132330996
0.15443625783215953,0.3205569371572125,0.07779122487160006
0.2661051098557601,0.28764036889851663,0.18358384726510665
0.38876025308501155,0.638547556108432,0.49751362183198194
0.16723355531251416,0.4712147193085838,0.26422856433939906
0.23524109698262774,0.18207746431620506,0.22631472295834232
0.171788979910194,0.12576552941357144,0.13282668447425136
0.21216263429998464,0.18810828490307557,0.2415381265949618
0.1816836722294274,0.1926085394658824,0.27062789432608114
0.3025832260654597,0.17176782838538793,0.36674803953322893
0.3576294242534861,0.5513325709659562,0.32866686918705773
0.09283557141555815,0.11805027319601664,0.13481026749779218
0.09366763838963424,0.2702763396899897,0.09984459505083339
0.2699035919331629,0.17160617213444265,0.13455013304311345
0.1474074878271226,0.21561677413139832,0.2349972102139818
0.3411403096583308,0.1591312461848548,0.28411119394986456
0.25403304849777786,0.31156193814771227,0.15336455787946168
0.10091225392538401,0.4702344848149943,0.10091630778833521
0.29701409941060297,0.5864862054953519,0.077228678564046
0.20781426737988026,0.3620001342554448,0.4144344565500897
0.35041757897450765,0.5464677054384421,0.1377119372689004
0.23401038240145436,0.23174860773271586,0.2968360962376067
0.202300639395588,0.4341451953258752,0.17155268740003854
0.3587013551717435,0.51841576973098,0.16139999762280532
0.1830088099149781,0.37281716350169736,0.0740642234708267
0.13502641089122772,0.18075120602480726,0.1938825155050714
0.2668496321102125,0.5307080755246537,0.15158507680391517
0.27114994278363924,0.09213913389815026,0.14433023890310004
0.10635404802107346,0.1304823513811003,0.2564177721373937
0.09567312121514689,0.6436306344581484,0.09198988264605722
0.13022780348013746,0.1741115579423106,0.07907804052878425
0.49108988479877447,0.2600833262655799,0.49493173707365345
0.10503074969226053,0.2628295635625422,0.10495777327767764
0.19518728070714442,0.30826169414739263,0.10301052396872205
0.08681811640397563,0.28305642161909567,0.08014333039378593
0.09791857569483342,0.24980023356322398,0.1785588597818088
0.3088211963717112,0.4793987575433183,0.1177751527294836
0.20003742420042592,0.442920620065497,0.0814455499410337
0.2930347657508255,0.5131563593762845,0.1119905416719728
0.24923313561897448,0.6109362463793805,0.165791007361706
0.12904692918750768,0.3482082027592045,0.09913570279141727
0.4597064676445131,0.13804995748277027,0.33763263783333997
0.16704899073418047,0.3253819550373044,0.12235271816683711
0.3085236679452633,0.41465008422769334,0.14380544403996434
0.2274995930445231,0.17295357369014852,0.35645191195150994
0.4130646798601437,0.0943203062647821,0.20958279171273586
0.28781119643418207,0.37978467138162525,0.08545385215695366
0.20165572185187458,0.4998562794484892,0.264929229805803
0.1326916369169813,0.22718513403553786,0.1652840183678313
0.22409576980137236,0.499207192097554,0.1475619367100186
0.24432170970950406,0.1773709536344286,0.24803732113116025
0.2809469817381283,0.1459482116812053,0.5206229248756815
0.20382815509319654,0.38390750784541205,0.1940034525023835
0.17419501543451094,0.2244114783638582,0.15981344521326735
0.08260340406777662,0.24637151784626743,0.2977380374035665
0.0926276812056448,0.24239038660680068,0.28990882424408376
0.25307379898655596,0.3505121943243309,0.07385766470285532
0.2420506527242672,0.2652383339135667,0.2160653399176615
0.08372520658019422,0.28155294054777247,0.2851977754489424
0.561951229491409,0.2526450569563682,0.4427506318285293
0.1985474318323236,0.46124803618953164,0.07013190046930051
0.2551148339459719,0.22448553368696267,0.37345601016416846
0.1937799409737478,0.40688902848848385,0.09198618662312025
0.06730076936875944,0.2337390804462768,0.13491722169240755
0.3263234688543447,0.30813541675511136,0.22682135875198464
0.09601603862015237,0.2878126393509021,0.0863342856935232
0.13391979932772943,0.1984496577244538,0.15192717565939923
0.18608277205803142,0.2170417904052067,0.29634525021763997
0.13667196241895202,0.3651618692092518,0.08674413727699257
0.3446226393366364,0.36307464105849435,0.07966900244874625
0.5135700922590891,0.5049731100948849,0.23089003679927259
0.20747649907273635,0.21359950804590677,0.1292622043595267
0.21671131673265537,0.4665333585431059,0.07616358071737993
0.10484840048855368,0.15527446601239547,0.1960943651368136
0.20595454264774182,0.253255852609737,0.05749332380597409
0.17203911643515285,0.1223363404632153,0.3573644632079281
0.2773273458164523,0.3370528314903891,0.12337798842187604
0.22285028350920894,0.24445701724478594,0.3109350313517254
0.06564859178636635,0.22236914486065534,0.1562155579708479
0.2905304101660803,0.5321946188460812,0.11752588504287433
0.17488727293508113,0.3157862886722543,0.07005564801547955
0.19031856154607543,0.22789718575135431,0.15030008824692787
0.4683273810198089,0.31553412204332737,0.40536183019361927
0.15188931271186193,0.15497789344781837,0.16915551065864465
0.15801300000423765,0.16982859535000883,0.20249786646037649
0.39918053045436713,0.6372489531024075,0.2821133793795896
0.4517546093036694,0.6000161511620468,0.21866690915673986
0.2762595725450675,0.32582872153464015,0.13114007326690302
0.5373934802349365,0.5779240105696288,0.12131542608464332
0.2091436964086052,0.17354688843553523,0.3135088818925544
0.37152701379571706,0.2821686564967427,0.6276013635246385
0.2479878604229882,0.13158847378855207,0.24263513919497084
0.09930427001978127,0.14007393443584698,0.2709557811627357
0.18869502656600856,0.4294486666638009,0.15980308931828566
0.21289384248184387,0.1803947786648327,0.22432636453193433
0.25432464857378434,0.10714101296466406,0.3958548656267912
0.13669254092624852,0.1669607169008593,0.16184520659746068
0.2757934806616154,0.2313526916234435,0.114874756425819
0.16308708503113434,0.30275360334074797,0.11947216731873306
0.14142471694462327,0.16196984270193546,0.19870232208957303
0.0747037449969404,0.12986947851582717,0.20114337480169064
0.36241254859493877,0.5567680263407913,0.09380932124245114
0.4113816179827798,0.3040173685921815,0.5146843157706105
0.3539070401206651,0.5782046705062567,0.1304259133419215
0.1058028280733807,0.09682490640423025,0.1390964316218331
0.37037234411162034,0.30025649155388456,0.3030903716068154
0.13525372400174748,0.10431677696423494,0.14606745697572782
0.1096466065731942,0.25742792461470354,0.17596371844155967
0.17067715897431368,0.33827697389144884,0.13127781164014451
0.16904068150088442,0.09008768291762434,0.3281278498697929
0.17052645742274708,0.16752783760975248,0.14189783408849693
0.28908631053912576,0.16865963638141607,0.38214665007315596
0.08510959077915894,0.31364119280665315,0.07102899459585328
0.19687033120587477,0.30587792837538275,0.1558932932472034
0.4481786789290334,0.28197875608502815,0.6673271495458999
0.1941634853683357,0.20830281709033469,0.13436534351960305
0.18325233363297158,0.18791578990515623,0.0856892711954097
0.14274346580354413,0.48983406037918986,0.07560115564177075
0.1849175964637111,0.1657644203998288,0.12220117108937775
0.4160207012492061,0.5360884368570639,0.14105483960445303
0.12118854072080415,0.09790855777997845,0.3678177378267952
0.30269738920335554,0.25570085394755915,0.07806556227985165
0.0932827842346218,0.29041811365833103,0.31002934053101033
0.3515065084665303,0.08969406386385625,0.40349735016304045
0.14260814961303264,0.2889449714688714,0.09019324181623181
0.219555613801455,0.08061711810980687,0.13817329110091522
0.2573352342310853,0.2494130740545821,0.2466024595234804
0.19433733444986537,0.29583081564475827,0.2605018902991656
0.5621238608685987,0.2427516498869825,0.6599869956831343
0.21050699705972709,0.17050062125544446,0.5105820655940022
0.17503036551407003,0.2264656449945377,0.13550742820453016
0.1584112483167473,0.18032968822341178,0.16667044999882483
0.37376173507914884,0.15586400029694772,0.15223066041326538
0.2492118925339767,0.13392444383212584,0.18636000825853719
0.11909690802417724,0.44734753969310787,0.28846246576833773
0.11967573612190395,0.20988845031782682,0.18577753453908405
0.3275396386175081,0.22351599215905185,0.4869216879687779
0.16200104308800578,0.3563741158788043,0.22618077004734244
0.222216721940528,0.13490931784937044,0.25332955703827126
0.16281364351214167,0.15931146859025344,0.1663538636040728
0.3140150636239143,0.44632520969776823,0.17054572120021214
0.24282801159343453,0.3365795318311698,0.1898035255627214
0.3034949484516301,0.18670360306605963,0.2619681518194754
0.49654898671113323,0.247400925864316,0.4957429304217877
0.246300149375389,0.2806748793167318,0.22267939027480607
0.2382955379889308,0.10017420396330322,0.1986121795699882
0.8014831451065617,0.4290675719356926,0.6353496974044059
0.27029262678300603,0.3451473791404496,0.29276362310595055
0.41027259525908866,0.29380297613666057,0.4445558414722065
0.1953709258830262,0.33904181288016244,0.25105413526822834
0.12721341715566845,0.0900819911582683,0.21836026294207808
0.5458151252278043,0.2844955919198945,0.4226862720089723
0.22953522350675842,0.3294699701561754,0.1735298225154709
0.6536522037128589,0.5992563334517897,0.564793697062517
0.265511619053416,0.14187371225907655,0.2111029230107356
0.28084632616916155,0.08006980652555558,0.27600667230752407
0.23253721954960999,0.0934922467815912,0.13038382649101216
0.36927484862375853,0.2526674137639065,0.2207441472335829
0.16708872829383786,0.29599832916620955,0.3457294790413859
0.5496487982503826,0.2833251318729382,0.7684254013602556
0.5417588788055201,0.2381577678730608,0.694468575599628
0.26923619646441554,0.33889617637729696,0.2552311983888477
0.12317637971152968,0.18432490400765106,0.12909708138091583
0.287138079174059,0.2172689112297238,0.35049748815243364
0.2855172182706067,0.2039519981200421,0.2655543796918809
0.23927625550803405,0.27494526334055885,0.27127262222832216
0.27311094363870003,0.20479517180363663,0.21334994366319004
0.3018929898604154,0.2810145714050557,0.3251984921177648
0.18718822533132087,0.18856030872542578,0.1371959165863133
0.13637579840832825,0.1534997359158421,0.1201043513674482
0.1805136923601691,0.10256514054954849,0.12988338403723987
0.40273624660456364,0.30115908863341406,0.34254328374584697
0.24582812008434335,0.24742695536952794,0.2734056400079069
0.21345718268874472,0.15457571476183707,0.2441100640933157
0.1788795586677902,0.2508350820010601,0.18085373085090223
0.07398145354633874,0.09023620753433573,0.06859993155106761
0.28063596360431337,0.3158979345616587,0.24279178022933648
0.4287593903766804,0.31785739110744665,0.4592394731372187
0.43598544515299475,0.35996598138152186,0.41680308439467034
0.3801876887235741,0.36762224731092,0.44096088948416445
0.20879384671132892,0.13367177264216953,0.10925525534061191
0.5159755569085888,0.3348347031776769,0.6110662411457861
0.19413172010066596,0.2514813173158068,0.2089465499712403
0.06972315951307109,0.11061448468432716,0.0810975604413936
0.11746646342008357,0.19642832972789226,0.3374095476750355
0.2002427917365968,0.13633121263734652,0.20658456003338657
0.5269847647379109,0.11964678836503956,0.32353365294186676
0.19346669543514994,0.46044087655164667,0.04860234602494095
0.23263624648428882,0.06812134883673415,0.273715533149671
0.29034637056598334,0.18822419196129442,0.36393562215856345
0.48011497404062276,0.3174325345500894,0.4164152218972046
0.10195216957486897,0.10247151987999409,0.1277047245619996
0.1425128983310032,0.17164023115915888,0.11809830051313323
0.4732328853593913,0.12188579417061626,0.21044818582436775
0.30979543384068087,0.20364732171484062,0.15080735832593553
0.15739586530264982,0.3205908744946894,0.1105845531930882
0.43220738483351956,0.5431067823565463,0.29708657959515333
0.4870792075905895,0.6100084912239024,0.368723790121453
0.2501892527455246,0.30337141398128187,0.16486298382963321
0.2550984955421705,0.3582186621909468,0.18728885901353542
0.17674122846762,0.24896914757617497,0.20687759066885644
0.47694874035203705,0.5178354559273806,0.14930156977779868
0.23403453366216526,0.3575064738542388,0.10127930031462559
0.4161088209372311,0.41823224605287135,0.16714308402147066
0.2060846696628394,0.320991608223485,0.13601030736374145
0.44707734652994935,0.5168799499044713,0.25068185394275977
0.3121283183762739,0.43324456918743987,0.19393882562930898
0.28058506948957207,0.5014363714732654,0.3646957650815853
0.268521521147813,0.30497690350894346,0.1689520435645648
0.29167882833765485,0.494705384031743,0.1387170261615366
0.18349315301953364,0.2889165878965464,0.22295047143045227
0.20485121329011638,0.3248113522712666,0.2799018225992551
0.15799521546090578,0.266627576209357,0.22550426264640533
0.18872866835295515,0.2699381270991891,0.16948458150787515
0.48981138567930554,0.6707201228580553,0.29275413005828943
0.21018960545596274,0.2572925183625744,0.25941271435525814
1.0074268239234454,0.19381797072178217,0.2132692670393524
0.1289997505762324,0.44758936542713024,0.18521619382924065
0.24058450915253723,0.2761575882091433,0.2094365547754869
0.5762072048216268,0.20346655883521897,0.12437932894337872
0.9011089912549992,0.19122404333681345,0.9774179162282963
0.5276326534447318,0.35606217949177743,0.3297687016755376
0.12225648152714672,0.3122746068637668,0.061345513739446196
1.0110110407691404,1.619220187362482,0.4068202421307345
0.8555695196502819,0.18312390500138803,1.1494933549468234
0.9643476950819884,0.10563912705353092,0.11385571352174415
0.18950307357043428,0.28352378597206046,0.5496583770571912
0.4583064670522251,0.1092847685988528,0.5510825285736866
1.5893618125582991,0.5037102055156477,0.9787245263756637
0.21277963832593255,0.3910860605232953,0.8862296401403418
0.34853883587778367,0.33367163727420307,0.5588217213053903
0.3655654046436051,0.44494014147080024,1.0431397134360096
0.5221164304176712,0.7563932885014283,1.0796000618264021
0.8704357841768464,0.32925333154449965,0.35103334464400515
3.0518794701403613,3.352528360154655,0.30160394533006996
0.5823473425638044,0.29268133530912277,0.43999061032203585
1.6401784081119737,1.1336249669589376,1.1568913211630703
0.5039953281801676,0.28514623918120247,0.42910523698140646
0.5871239938920608,0.30046675873827056,0.0974886999914553
0.3951949389805267,0.06650608319732518,0.23175354940349885
0.4504649021504308,0.11909255854688029,0.23834395614906115
0.35308524145499454,0.388992643920978,0.22736443609273288
0.3663427571103258,0.3033531168756358,0.18821805908104433
0.4092956424962124,0.413142251697095,0.5013262289348767
0.23079620122162514,0.22320596136896986,0.28181910876439403
0.22978125743761504,0.19631955237540227,0.14069008212499873
0.14074172440112026,0.12172983063361749,0.12626533744884327
0.25463508939636137,0.2644200947616683,0.27502567647359405
0.11076476221848638,0.10275824165266534,0.12057033880545479
0.5049891443827518,0.5351773579635992,0.13330580644009193
0.28216111543005273,0.30827366990261007,0.2024216270930036
0.23745623394094034,0.27591706003129124,0.07177278051258042
0.12078554138309833,0.13192810101299418,0.1309106410607474
0.17559748691626834,0.2623752719461157,0.08018292220199431
0.2766878610017189,0.24387587356316656,0.1941760171560294
0.330512337883656,0.4406687692587025,0.3381265972277954
0.34035726378435605,0.3451300378244748,0.30508688601983736
0.38467611519214423,0.16839900811895053,0.21172897328144574
0.8179041301076609,0.6199898626955667,0.7075372397209577
0.404978878452547,0.3211525003509651,0.350903865160063
0.2891999237028286,0.286420768868166,0.2675804242352041
0.28107308628858724,0.22570401601936052,0.39871486169147335
0.29838084490665867,0.2393578301366319,0.329717842503908
0.10329794217588449,0.3400846172445294,0.13016056912026142
0.38828292504236156,0.1824656443615788,0.22198448669750895
0.19302845227497273,0.1906032790839819,0.19228425538479993
0.5073053678614722,0.2536226130126795,0.5012608174127166
0.3581062391468776,0.24128723857568102,0.4822561171529716
0.698519890654806,0.43452274277519776,0.6637885045953527
0.30493508320003243,0.13716553113656552,0.2208195195098116
0.32479791131293084,0.2505279914042188,0.2708234711251028
0.28126705313958067,0.3261550237951415,0.3662893284777905
0.9687282732312092,0.6786759159848694,0.7750558189364172
0.32279315648832074,0.14804531512465893,0.2546509137042732
0.2536961257669895,0.21105771504418747,0.2966547242138105
0.31614079784969007,0.2348555708252712,0.37563270118881154
0.1395869343977103,0.2686497544825702,0.24915793639449635
0.10464903625533946,0.23106839616902008,0.18364031883563445
0.1965280112795253,0.13370635327525374,0.11958996005055467
0.12843405553374543,0.09402416717529474,0.11956648331991218
0.2825049021144561,0.28153198078670494,0.23352601076733373
0.06255898420582638,0.05044550336420239,0.05747998589262013
0.08046878429554356,0.07690337343410407,0.09729944025584314
0.06912980420312444,0.08146736968299617,0.07063484332020248
0.3179473608507343,0.22245168762952996,0.16178968939017024
0.22085693900777975,0.22735379540900957,0.1815502261846373
0.15789843392963146,0.1984786583396461,0.12345211914162782
0.08494460478752522,0.12485796431015408,0.11879372424910221
0.4266590504214922,0.09042071789231396,0.37984217374665813
0.07329622153437436,0.1722812955914978,0.11014845161911146
0.176347179371652,0.21856976346812867,0.1261004925861335
0.378148718729544,0.17019544585786478,0.37990805646082165
0.12090583100702201,0.08974912201520385,0.08348704062105225
0.19601409106850004,0.1199973194469418,0.2548919657001784
0.19206075360584918,0.12891133773663782,0.20683943401973945
0.1683989491581435,0.1466096396244155,0.17277940828970237
0.11616008485799578,0.1315328092715668,0.15355071987467933
0.19426473245368797,0.1731735629713667,0.18619514015525818
0.16745608812942947,0.10487987351444647,0.21004782312269585
0.27391164287378417,0.20972293153806093,0.25451427881115346
0.29705164708859966,0.10592032710494877,0.3390530028090088
0.37764708055117546,0.14392938988787538,0.3800032723171871
0.5588700030519651,0.3049774095823258,0.5498322200968035
0.14901817241558474,0.16373209343961534,0.11274806712150977
0.2414969316156393,0.24981529275668024,0.21689742481725666
0.3051052817776979,0.31739874699944426,0.3056510563630124
0.424706082956539,0.2472373569946268,0.3602766872316401
0.3604427772480062,0.17740248312190393,0.49567034683033345
0.5429459590116101,0.49867760010437195,0.38841115882276545
0.23877859303888974,0.11090085600704158,0.12744059151519035
0.2986276853823547,0.15226218552301524,0.2093771135669975
0.1428857824491773,0.28052571149096883,0.1768687571230456
0.23904954761402053,0.1946096063555514,0.18873086662734817
0.39271234513845843,0.29050157856803205,0.4394301387263738
0.3271967341812766,0.2792247654255985,0.24539754899506117
0.18427694243952517,0.27739978490210715,0.17895310744050547
0.23388058607363904,0.2602643249779204,0.3040729955012168
0.17528662573357462,0.18090465099243652,0.15709990152174352
0.15107601063200393,0.24216202413249116,0.1642626215097091
0.2832105711930447,0.25520779828199197,0.11395206080143211
0.35459665527859535,0.10585112116634113,0.20950843271774386
0.23046701020145544,0.15418056427270022,0.1618731247807667
0.34303806686949295,0.1600268677146296,0.40672294542497767
0.1694255211260574,0.17351387499229853,0.2254307778939305
0.20637129100941048,0.265104868449609,0.21234442753688662
0.33270364941329517,0.22464888293652985,0.2710248601849079
0.6723102818764278,0.395180502947444,0.6304566723091349
0.12406538798823105,0.09719956302315347,0.06551032830147617
0.19635446915041133,0.16412016003073188,0.1606801777156527
0.17539359815167183,0.09795472009924655,0.19896041797756409
0.2795772517082241,0.1799254225229226,0.27283849916519154
0.11366174032571467,0.167389379152745,0.15632086429908132
0.10642747228511887,0.10814677470520047,0.11808523593425382
0.3176095060831189,0.30176245946608965,0.2775278035500244
0.21969167747795926,0.15833855800621582,0.11440870298269352
0.12959598468609346,0.09632184343269651,0.1124322385718727
0.5107862957167697,0.19049719731702192,0.4420923756565973
0.30871992578970725,0.15951931950475517,0.44994368041003807
0.4662220311154357,0.253294439293161,0.4751826630306057
0.22299338303599667,0.20924171544082312,0.20211634103507986
0.4657480659307279,0.2926840811569116,0.4726335052481596
0.394835113229145,0.14071728835596647,0.32837830363558773
0.3076142189262824,0.2620218152770293,0.2724876013846569
0.4944674201129403,0.3580740656767008,0.3967232392111743
0.3739446602401646,0.15031029208050883,0.425171622645435
0.5471619662935223,0.48113170035890007,0.4241370364629295
0.4030225279300084,0.2524094489710732,0.311869855464756
0.5715860049389527,0.467100183268608,0.4893423179697547
0.09605790718678817,0.30536866578711364,0.1453966072037856
0.296200476657108,0.5069997027844388,0.30043733489502605
0.24989144649089698,0.4111634469560054,0.25398939188297115
0.2088377917572352,0.5699043000530203,0.3168025622018048
0.10582956744436005,0.37991330715352767,0.08247413842525636
0.21831921456613013,0.5361922806093262,0.2639057079525748
0.13898900100113826,0.3710132840572036,0.14562894458502254
0.23536713134521992,0.5150563560459402,0.24878493738478977
0.05037745537881211,0.21817553696374944,0.08001869227123992
0.10744046124246094,0.44594513449290063,0.07466826268279539
0.44143807978666416,0.5978534552314778,0.4529153720780342
0.08844772142085615,0.3747588836114504,0.05782239967324221
0.046543570749445366,0.23659848675465747,0.1830198557315908
0.1049469900602121,0.4400934878988258,0.03999780180715464
0.22859222808295737,0.42836376651446056,0.22515572085725943
0.04443474130707088,0.3590205498655635,0.0987587720232639
0.18924998135109622,0.30324404028053,0.13391055264249485
0.20121446694949668,0.4721614750085028,0.265568030337366
0.11616674406757849,0.36168532553809357,0.127854103576644
0.20933924030068252,0.3590059793420256,0.2166367648540227
0.05107774499565872,0.41786448414377586,0.15812566214627083
0.2743000506043002,0.6011467570484474,0.20130714870411115
0.3246102501140224,0.0573848507179172,0.4101616923918597
0.14918474539147414,0.29836031102264604,0.1756565376751699
0.26907204113281485,0.5651834523294755,0.35298886052367295
0.26801843351189814,0.15535391613891336,0.15840423895774286
0.25408149852198236,0.16857176987029507,0.2536897226993154
0.05458542909175157,0.379109658637935,0.04620478149934396
0.12658223671300028,0.33087519562342327,0.15221977179257237
0.14111605620496437,0.28683884336991833,0.26815388230259823
0.10165814185613184,0.3545362718726886,0.2987891884360998
0.19064227291287736,0.5226717199643016,0.08273514199322836
0.07912790222620203,0.34966091412167416,0.1174979538258561
0.1751365143692794,0.4094713192651361,0.09797384697685432
0.11774701271899571,0.368908649390776,0.14154443562137753
0.4733753854323508,0.7589701112315517,0.3210239713053294
0.07141044710944167,0.5058899157145202,0.0889584876985734
0.2261092929471057,0.5943433717076156,0.44025172262634293
0.20231059436985485,0.28203477043682906,0.15072056725843844
0.13039521607094925,0.2093781062827655,0.11163742458230631
0.12369094531566163,0.35737412518606076,0.15199649637107698
0.15244730196324074,0.1619617862559532,0.1327698644788817
0.1396790147626151,0.438905114491014,0.14016280440849055
0.11137152019039703,0.41598207518360436,0.0731851456866779
0.34619482765563764,0.6916984359768,0.25545741151214174
0.08286947782229456,0.4429366995066625,0.1365004877774664
0.22316940556391035,0.6217267223704019,0.1706810049280235
0.04355328077680213,0.32015293953655233,0.044232230534799195
0.1835791439075897,0.2745654633999505,0.2060522139613017
0.05396766529423678,0.41356948010508565,0.05795912050102162
0.12180465994473107,0.3667634502363049,0.143934076929725
0.3174551318837723,0.6017435889445479,0.27830914188533795
0.13674437326379474,0.4572488146343287,0.10010904525688978
0.4040507558348743,0.8020824440351105,0.3225963477122729
0.1964440753395561,0.28838977379370384,0.18458003392518246
0.07392494471441285,0.3848800088515215,0.13556695695648166
0.1772199557177328,0.19233490133363731,0.15881873440407224
0.21569424756790453,0.19520035589306453,0.32609796098225197
0.07029850553858738,0.3494702224054147,0.08829858136186247
0.2558438030826697,0.5494417466987281,0.36904834479901816
0.2811936989477165,0.5435977869158547,0.12829959039023586
0.17622807257345469,0.32787564590883095,0.17391666228616093
0.18268258136033233,0.1782832469342526,0.11236118446193057
0.1238633992423443,0.27000258008884637,0.11827715121786732
0.40761338582895845,0.6832561767592946,0.05355741192143014
0.08699482330389653,0.47861404880872366,0.04887033411590903
0.10908261741788575,0.2959666312292888,0.12814494498417686
0.07272317254143978,0.3366492205014985,0.17914133375480112
0.17810980153209985,0.44029341652387044,0.0933456757472852
0.19427948255329444,0.45997686245047,0.20791542539354121
0.09674433896912348,0.3207385944995123,0.07654473761841464
0.07946592476452966,0.33513459808659274,0.07370945309493557
0.08129470104373701,0.34430602161983503,0.05296069032293676
0.2459737260363261,0.22276237397152449,0.20632211405272605
0.09017131796629227,0.4815902232176236,0.11976089116167665
0.08365488910190112,0.330225815320718,0.06119016654773429
0.20154338005905886,0.4536322555527441,0.2060981639254591
0.17028196835525064,0.5085260340779136,0.24348617385802318
0.1297421111869199,0.3110351938101938,0.24972047666250163
0.14354727809026593,0.33408422861065823,0.1448804697587392
0.4945880572018838,0.7065872350806508,0.3417581766595764
0.20540828954450516,0.17986567838184025,0.18926192641767636
0.16394517007776604,0.353116125916134,0.200056284195764
0.15282753334954027,0.4087560218165612,0.1928491819558431
0.3621818131301289,0.30000915796741434,0.2947188624171868
0.17083426431839138,0.33479472950474365,0.21543382231487035
0.4097237242239273,0.5167848260754145,0.1752640615883918
0.248003123176822,0.28137379604421,0.2825046844613747
0.08989955541350317,0.37950504305847843,0.0688743389363906
0.309007915762369,0.14030743171745888,0.21772013123809467
0.2541435496260622,0.5134837940953146,0.18838172163563618
0.2122123395546154,0.2960090549814522,0.24613672275773502
0.22302907053473128,0.3526135248072141,0.16308854871357584
0.14616115303977648,0.30611267176192947,0.2047762666509717
0.0960063174617258,0.4017563222013856,0.1025004918439556
0.11688574465003954,0.37596096456342554,0.10273066607814982
0.2597874531529155,0.5307318319366882,0.1126740053477589
0.08916997705463288,0.49156057159596844,0.0773397572928986
0.23178869517728123,0.49494249364603626,0.17637750111857514
0.1272301948941174,0.31052000078647846,0.08857436515502672
0.11295703857919381,0.12033336790661767,0.10570029446986684
0.2868454253492158,0.4869623600789019,0.2863195641519678
0.15491702082235378,0.3577363766243669,0.13749756683314043
0.08408598370290442,0.3796167611970428,0.1266179956159629
0.16869077899887105,0.5117094284629553,0.08192536048972143
0.22089881154777416,0.23700184730871374,0.1066183182261615
0.2307397686315576,0.6117503155828026,0.21633715726554897
0.1491362992082662,0.4015678633153953,0.17425771039778304
0.23581465086424633,0.4232817480768669,0.15467781875557357
0.24292174809800599,0.24994027119587203,0.2345286262920291
0.17064791441932892,0.44602893459918713,0.09133950561676989
0.15224616223258786,0.44454159442228264,0.04751953295977699
0.1609328958748173,0.47806834250246494,0.10201844936568634
0.05343627171216946,0.3976541392528235,0.16005162863415262
0.14958640706783702,0.21058304125521654,0.22470582185925453
0.10194061942424437,0.4555121193104136,0.0523113533954315
0.2010434789926962,0.5458912747019322,0.12327446915067011
0.28552449526356755,0.4155369529872193,0.2979528827231679
0.2108190343903955,0.42438192427274174,0.2739764509385354
0.17573505367586548,0.2258620303938207,0.1217334770284615
