k10 [1/s],k12 [1/s],k21 [1/s],k13 [1/s],k31 [1/s],V1 [litres]
0.007587084,0.0051940293,0.0025989185,0.0012645383,6.685824e-5,3.1230292
0.0058246194,0.004178091,0.0025519908,0.0008481139,4.4994824e-5,4.344834
0.006006984,0.0043619624,0.0024610474,0.000722291,4.9365713e-5,4.3792205
0.0052754777,0.004712094,0.0024814613,0.00087320874,5.0103197e-5,4.9889536
0.005340354,0.0036016523,0.0024623845,0.00090017595,5.030947e-5,4.709667
0.0071040276,0.0040712547,0.0029138292,0.0019141797,7.7815435e-5,2.63988
0.00529501,0.0045567034,0.0024656334,0.00084778655,4.9423925e-5,5.05459
0.0050373077,0.004850845,0.002520686,0.0009588147,5.184897e-5,5.0242352
0.006473799,0.0043026665,0.0024737872,0.0006699617,4.2229378e-5,3.9045272
0.005895814,0.004443003,0.0024827165,0.00077365444,4.6425634e-5,4.437673
0.006684375,0.0033524802,0.0025086899,0.0006265815,3.755912e-5,3.6922882
0.006115629,0.004469496,0.0024677233,0.0007291541,4.531399e-5,4.2667556
0.0053132535,0.0036185898,0.0025684598,0.0009051159,4.7034086e-5,4.738683
0.0051640463,0.0037758076,0.002394607,0.0007660559,4.6900775e-5,5.550805
0.005339083,0.0031123622,0.002597135,0.000971719,4.502939e-5,4.649366
0.006049498,0.003981981,0.0024901167,0.00073928287,4.4088643e-5,4.3265367
0.006099615,0.004094904,0.0024991015,0.00074137765,4.3872442e-5,4.238654
0.004912281,0.0032932707,0.0026382972,0.0011648712,4.610354e-5,4.9236255
0.0058681,0.003241095,0.0025031713,0.0007859084,4.410415e-5,4.3737235
0.0047954456,0.0034924347,0.0026588775,0.0011601949,4.7211153e-5,4.993192
0.0059003425,0.0033957977,0.0025184364,0.000773311,4.3326276e-5,4.381586
0.007556578,0.0046366616,0.0021995155,0.0005278953,3.3728644e-5,3.9486098
0.00600739,0.0028731355,0.0024907128,0.00080381543,4.4297438e-5,4.259916
0.0077419886,0.0032382046,0.0025720922,0.0011887681,6.565756e-5,3.3684459
0.0064365473,0.004066267,0.0024267982,0.0006395844,4.281059e-5,4.100761
0.006909847,0.0063081756,0.0024673361,0.001054751,6.1640465e-5,4.4389133
0.0053872187,0.0048856637,0.0024220706,0.0007983643,4.9438895e-5,5.112649
0.007635863,0.004142377,0.0017737938,0.0010859671,7.006629e-5,4.2805476
0.006149829,0.0039055094,0.002352968,0.0006472453,4.7142217e-5,4.1509356
0.005612206,0.0040339697,0.002551322,0.00085868675,4.580124e-5,4.5429325
0.003901256,0.0053522014,0.0019780018,0.001313789,7.5105025e-5,4.043411
0.004536373,0.0035891868,0.0019182801,0.0009545309,7.810713e-5,4.3891444
0.0045325328,0.0036047932,0.001977366,0.0010074268,7.889768e-5,4.3676744
0.004262079,0.0045592566,0.0019538936,0.0011062559,7.802216e-5,4.4745703
0.0037913295,0.0035774284,0.001495571,0.00052293914,7.363182e-5,6.32813
0.004125525,0.0048314626,0.0019878459,0.0011248274,7.657152e-5,4.4946194
0.004198555,0.0035365182,0.0016495258,0.0007520641,7.6566466e-5,4.9429946
0.004299446,0.0045106155,0.0019162537,0.0010471148,7.660506e-5,4.5492454
0.0042622522,0.0033588419,0.0017752085,0.00082427886,7.86859e-5,4.244787
0.0043455544,0.0038049198,0.0018458834,0.0008179183,7.125074e-5,4.991159
0.0045163855,0.004060836,0.0019711086,0.0008476562,6.878451e-5,4.7217135
0.0042895367,0.0034070534,0.0017510353,0.00081760593,7.818014e-5,4.2662115
0.004195255,0.004669097,0.0020484864,0.0012044694,7.917767e-5,4.2512565
0.0047218716,0.003678639,0.0020422596,0.00077112176,6.432758e-5,4.6667333
0.003962039,0.0033281255,0.0015406549,0.0005987354,7.7266595e-5,5.1124973
0.0044267387,0.0042425934,0.0019176033,0.0010394492,7.778781e-5,4.4997654
0.0043194033,0.0044782977,0.0019161529,0.0010762074,7.784624e-5,4.49039
0.0035801923,0.0038484673,0.0014586399,0.00047635447,7.17153e-5,7.580063
0.00423272,0.004600543,0.0019729221,0.001121567,7.810246e-5,4.467604
0.003676211,0.0035730088,0.0013970821,0.00047992467,7.4304015e-5,6.5873556
0.004412118,0.003832992,0.0019045916,0.00081456173,6.9439506e-5,4.971006
0.0041262913,0.004914353,0.0019822454,0.0011367158,7.581379e-5,4.45597
0.004026515,0.0035593729,0.0015222955,0.0006476696,7.560842e-5,5.580945
0.003880076,0.0037105742,0.0017141094,0.00059210026,7.145403e-5,6.582911
0.0044079935,0.004174035,0.0018697588,0.0009229994,7.276136e-5,4.7994037
0.004466567,0.0037163752,0.0019665486,0.000744684,6.631315e-5,5.0285854
0.0044643246,0.0040978286,0.0019413391,0.0008666279,6.992496e-5,4.778263
0.0041574384,0.0047568134,0.00204739,0.0012456388,7.910094e-5,4.1832733
0.0042593065,0.003408845,0.001729945,0.00078890624,7.827691e-5,4.2866187
0.0042712837,0.004512498,0.002005465,0.0011475348,7.9065074e-5,4.4435816
0.004520845,0.0036426059,0.0018394495,0.00090984866,7.6876946e-5,4.4893684
0.004479376,0.004118928,0.0019169175,0.001017786,7.768446e-5,4.504517
0.0038751375,0.0035683461,0.001524908,0.0005511952,7.370053e-5,6.0758066
0.0042368355,0.00461765,0.0019454772,0.0010964657,7.740727e-5,4.489457
0.0043608844,0.0044728946,0.0018998951,0.0009799909,7.313914e-5,4.7551947
0.0042400504,0.0045950613,0.0020554832,0.0012071747,7.952354e-5,4.26866
0.004402787,0.004415084,0.0019239025,0.0009502226,7.210289e-5,4.769952
0.0035999191,0.0035700642,0.0013327305,0.00045306073,7.474684e-5,6.7531815
0.0044167032,0.0040243324,0.0019119123,0.0008585083,7.037643e-5,4.879299
0.004304501,0.0045579514,0.0021086268,0.0012943672,8.025547e-5,4.2280726
0.0042423923,0.0037197296,0.0017696507,0.00076354085,7.295168e-5,5.078778
0.0040451386,0.0050235875,0.0019823373,0.001192707,7.5907636e-5,4.2831106
0.003699086,0.006064612,0.0019573322,0.0015633499,7.223406e-5,3.615756
0.0044143205,0.00432837,0.0019181551,0.0009326148,7.191357e-5,4.753973
0.004370377,0.0036769744,0.0017670698,0.00082764897,7.5102995e-5,4.802684
0.004179983,0.00488445,0.0021131388,0.0015074708,8.056142e-5,3.932057
0.0044801906,0.0042574173,0.0021415877,0.0012490813,8.073097e-5,4.395761
0.0037913295,0.0035774284,0.001495571,0.00052293914,7.363182e-5,6.32813
0.004412504,0.0037773654,0.0019181556,0.00079238846,6.850826e-5,5.046118
0.0044544316,0.004178156,0.0020340756,0.001118931,7.9328776e-5,4.456853
0.0037445421,0.003648562,0.0015174266,0.0005105953,7.3107214e-5,6.625992
0.0055972016,0.006585707,0.0023571537,0.0013568465,6.764113e-5,5.41517
0.0036035292,0.0054511013,0.0022706508,0.0010560193,5.8143243e-5,6.9216437
0.003564992,0.004865383,0.0022011308,0.001027772,5.6926492e-5,7.195
0.0065169176,0.00511194,0.0019730283,0.0008643663,5.912886e-5,6.2226176
0.0034045954,0.0055899466,0.0021725618,0.001105817,5.7875903e-5,6.644784
0.006684043,0.006215362,0.0022654945,0.0010363196,6.3105734e-5,4.8391113
0.005813054,0.006250443,0.0022619627,0.0012422232,6.5553984e-5,5.7887235
0.0034245483,0.0047225775,0.002078065,0.0010919173,5.5088294e-5,6.8151007
0.0068570385,0.0048525343,0.0021870336,0.0007316643,5.582098e-5,4.9429584
0.0050706095,0.0069142114,0.0024122288,0.0016252308,7.379293e-5,5.1260934
0.0037825967,0.005150826,0.0022302968,0.0010333465,5.723878e-5,7.0686493
0.003438854,0.0047661155,0.0020662616,0.0011012403,5.4378917e-5,6.6565695
0.0035246152,0.0064275977,0.0022096913,0.0013497085,5.993865e-5,5.9355836
0.007192708,0.005804205,0.0023729717,0.0010398466,6.274617e-5,4.190857
0.0039628865,0.0044485624,0.0021251254,0.0009719087,5.333114e-5,7.1091437
0.0075496915,0.004011703,0.002361949,0.0006733405,5.1783718e-5,4.270031
0.006822217,0.0060965247,0.002277597,0.0010130143,6.2417355e-5,4.6760745
0.006124701,0.0065901163,0.0023308515,0.0012602236,6.6837696e-5,5.2996407
0.0038095606,0.006004195,0.002311498,0.0011991546,5.8706384e-5,6.1376796
0.0035422966,0.005423691,0.0022477787,0.001060626,5.8236285e-5,6.9852633
0.0067082923,0.005060441,0.0020441192,0.0007930426,5.7853114e-5,5.6901174
0.006276687,0.0060715703,0.0021653825,0.0011081019,6.3915075e-5,5.718906
0.006147784,0.006270237,0.002229223,0.0011615955,6.498008e-5,5.596676
0.0038757918,0.005536235,0.002334442,0.0010526684,5.732907e-5,6.602919
0.0047655287,0.006901692,0.0023640678,0.0015834674,7.182877e-5,5.016535
0.004038596,0.005507897,0.002372967,0.001038726,5.6540117e-5,6.3825917
0.006773772,0.0050981035,0.0021309666,0.0007889879,5.754952e-5,5.268426
0.0063782656,0.0062351213,0.0022002815,0.0010933027,6.428774e-5,5.46057
0.004753253,0.004574161,0.002138422,0.00086177903,5.1537798e-5,7.2851915
0.0054020435,0.0067968722,0.0023698886,0.0014799035,6.954631e-5,5.3978424
0.005379948,0.0050732745,0.0021018097,0.0009930101,5.7281657e-5,6.8556213
0.0054412843,0.005790598,0.0021919217,0.0012051229,6.376766e-5,6.5630784
0.004262273,0.004359418,0.0021438783,0.00088127767,5.2629588e-5,7.247987
0.0047945795,0.0048956196,0.0022475237,0.0008123167,5.0188966e-5,7.394385
0.003959539,0.005407327,0.002100522,0.0010392772,5.8468795e-5,7.143265
0.0049500656,0.0057797283,0.0022280056,0.0012870092,6.448111e-5,6.655131
0.0064360094,0.0067442143,0.002455314,0.0014716138,7.413842e-5,4.832646
0.005021473,0.0060620746,0.0022300154,0.0013526632,6.638746e-5,6.3109083
0.005221555,0.0060988786,0.002221762,0.0013329528,6.626553e-5,6.24944
0.0057463637,0.0062830644,0.0023497758,0.0012280315,6.54247e-5,5.3871593
0.004614211,0.0062619373,0.002286319,0.0014164299,6.756257e-5,5.710109
0.0040964587,0.004432398,0.0022665716,0.00091425027,5.279769e-5,7.2652
0.0069127902,0.006440166,0.0023412134,0.0011229394,6.4216896e-5,4.583631
0.004950953,0.0049365363,0.0019591167,0.0010790692,6.015902e-5,7.508385
0.005950343,0.0068391627,0.0023746744,0.0014179198,6.909552e-5,5.379156
0.0045184684,0.0042631226,0.0020487858,0.0008699452,5.263665e-5,7.2777724
0.0049308706,0.005388521,0.0021486427,0.0011781576,6.1876424e-5,7.032527
0.0046436796,0.0042459155,0.002158244,0.00078877964,4.9986444e-5,6.780965
0.0029131405,0.0064252093,0.0021944046,0.0013766187,6.374062e-5,6.6332326
0.0038881234,0.004691367,0.0022179072,0.0009641635,5.51004e-5,7.1174145
0.005400529,0.00698741,0.002475318,0.0017771279,7.840189e-5,4.8414235
0.0045738616,0.0042620394,0.0021352589,0.00085255696,5.142871e-5,7.279313
0.004305461,0.004839052,0.0023448195,0.00082256814,5.0132967e-5,7.5296545
0.004365425,0.0052839885,0.0021589259,0.0009756286,5.6167144e-5,6.8700333
0.004336268,0.0048679532,0.002355792,0.00090353924,5.304497e-5,6.285135
0.0051649828,0.0054422035,0.002309543,0.00080505066,5.149506e-5,5.7440176
0.0037295008,0.004639022,0.0022567555,0.00097017473,5.5027012e-5,7.2470684
0.0056492286,0.005322591,0.0020342215,0.0010357397,6.0558774e-5,6.8854923
0.0050748256,0.0056775925,0.0022268288,0.0012270843,6.300424e-5,6.6992145
0.004097255,0.005322012,0.002105684,0.0010185211,5.773721e-5,7.115337
0.004336268,0.0048679532,0.002355792,0.00090353924,5.304497e-5,6.285135
0.0069546034,0.0064784386,0.0023330264,0.0011592468,6.481105e-5,4.5380282
0.0048827794,0.0043494795,0.0022648445,0.0007562549,4.899911e-5,6.2254148
0.0055692648,0.0052864742,0.0020551772,0.001033404,6.0010396e-5,6.8749843
0.0039333175,0.0044979984,0.0023129357,0.00093434955,5.316327e-5,7.2495704
0.0041579334,0.004333597,0.0020241675,0.0009522024,5.2731604e-5,7.0506663
0.003818473,0.005364829,0.002177439,0.0010520499,5.823083e-5,7.072357
0.006046584,0.006858583,0.002469675,0.0014254347,7.175981e-5,4.9232006
0.0046462547,0.005095135,0.0023185157,0.0008753039,5.2636275e-5,6.168363
0.00542782,0.006056948,0.0022840153,0.0012746411,6.483004e-5,6.257087
0.0062576537,0.0063062035,0.0022017672,0.0011562121,6.5092485e-5,5.623482
0.0052198265,0.0055686845,0.0021562295,0.001183528,6.280537e-5,6.8288627
0.004708421,0.0045273826,0.0021957278,0.00084191293,5.087816e-5,7.2672353
0.004632605,0.004339411,0.002140612,0.00085826206,5.1650473e-5,7.303157
0.0048685283,0.0048873066,0.0022753892,0.0008421594,5.0650662e-5,7.2879477
0.00475215,0.004818765,0.0021667914,0.0008870615,5.1192204e-5,7.2369423
0.0043244655,0.0042901947,0.0021920218,0.00070299045,4.8661183e-5,7.469353
0.0044815824,0.004521158,0.0022572346,0.0008900123,5.1216666e-5,7.2586036
0.005982065,0.0062419274,0.0022008594,0.0012340819,6.554336e-5,5.9234467
0.004764239,0.005685156,0.0022664596,0.00126628,6.294822e-5,6.716258
0.0046262424,0.0047681755,0.0022694515,0.00082449685,5.0407318e-5,7.3998103
0.005131145,0.00621912,0.0022496916,0.0013587304,6.675815e-5,5.8990583
0.004259766,0.0043711695,0.0021640558,0.00090269285,5.305076e-5,7.2787237
0.004414429,0.0040850295,0.0021831098,0.0007710203,4.9238002e-5,7.1516733
0.004508081,0.0053891046,0.0021970158,0.0010777768,5.533398e-5,6.9497023
0.0049013044,0.005156333,0.0020074348,0.001161543,6.270359e-5,7.381319
0.0047280844,0.004514861,0.0021748499,0.0008531617,5.141902e-5,7.307396
0.0047082114,0.004618829,0.0022322603,0.0008455458,5.0848725e-5,7.2803197
0.0037567073,0.0044826725,0.0023285148,0.0008096383,4.9453658e-5,7.4398446
0.0044156075,0.004301674,0.00217427,0.0008307072,5.0791197e-5,7.354017
0.004959454,0.006592089,0.002363022,0.0014611982,6.882311e-5,5.3925457
0.0064630257,0.004851173,0.0019973095,0.0007087841,5.463782e-5,6.6259823
0.0042195744,0.004623102,0.0022554295,0.00069080695,4.878159e-5,7.728905
0.0059107197,0.0062451907,0.0022306656,0.0012431656,6.5546395e-5,5.955265
0.0051716915,0.0064166244,0.0023731985,0.0013583344,6.5906366e-5,5.7600617
0.0038341125,0.0047174296,0.0022994848,0.0009465701,5.430303e-5,7.1159286
0.00526172,0.005971501,0.0023546834,0.0012057233,6.1737155e-5,6.060959
0.007111696,0.0043980298,0.0021612379,0.00048606924,4.3082215e-5,3.7278922
0.0055493833,0.0035734223,0.002530268,0.0008369483,4.5974895e-5,4.6089654
0.004746419,0.0043861363,0.002605592,0.0011737009,5.1331303e-5,5.1018724
0.0047711693,0.0040555694,0.0022834784,0.0006562575,4.6656834e-5,6.7315645
0.00605585,0.004110506,0.002468253,0.0007274412,4.47918e-5,4.366579
0.004555989,0.003928881,0.0026654084,0.001391876,5.18721e-5,5.142943
0.00386108,0.0054851165,0.00236479,0.0009640949,4.9704337e-5,7.434057
0.004629909,0.005414203,0.0023298012,0.0009161591,5.383139e-5,6.120523
0.005602734,0.004365109,0.0021567242,0.00059361674,4.2156953e-5,6.861224
0.004711228,0.0039483877,0.0026331074,0.0011801874,4.9667775e-5,5.0875463
0.0050030383,0.0055587683,0.002196904,0.00086100434,4.9374456e-5,7.8246093
0.004441566,0.005547322,0.0023153815,0.00096562563,5.5176894e-5,6.313881
0.004354684,0.0041056885,0.002137981,0.00082250615,5.069897e-5,7.301813
0.006167068,0.0031612946,0.00254916,0.0007779045,4.1086332e-5,4.109315
0.0055049895,0.0038546834,0.0023370918,0.00067517924,4.5222656e-5,5.4445467
0.004533145,0.0035551824,0.002737549,0.0015958437,5.6099543e-5,4.9182267
0.005668892,0.0044904393,0.002528467,0.00084664644,4.7093967e-5,4.5082283
0.004324405,0.0049807667,0.002042142,0.0009559942,5.621878e-5,7.230388
0.006113934,0.0038240808,0.0025058691,0.00073467527,4.2942214e-5,4.238361
0.00425457,0.0043732724,0.002415931,0.0008067456,4.8673675e-5,6.891642
0.004582271,0.005008903,0.0022875268,0.00081458106,5.0179104e-5,7.561974
0.0039684847,0.0059654755,0.0022501424,0.0009850479,4.5660774e-5,8.468634
0.003736149,0.005086669,0.0022747784,0.0010238016,5.669309e-5,6.9793816
0.0037345418,0.0059676175,0.0022743235,0.001103342,5.9717757e-5,6.585787
0.005518971,0.0046951273,0.0025428247,0.000979559,4.8906444e-5,4.615344
0.0037770981,0.0046315105,0.0022045735,0.00096769666,5.5340202e-5,7.264443
0.0061954693,0.004166034,0.002445082,0.00069275475,4.439296e-5,4.285367
0.0047222157,0.005245846,0.002149785,0.00079199084,4.746675e-5,8.081246
0.0046100384,0.0053759706,0.0021699588,0.00082316494,4.695554e-5,8.280227
0.0054103946,0.0053200824,0.002325323,0.00075991126,5.0062936e-5,5.4635415
0.0062571852,0.00417094,0.0024348914,0.0006719158,4.574163e-5,4.201491
0.005282012,0.0044751503,0.0025578786,0.0009406254,4.8839753e-5,4.759957
0.004646689,0.004273363,0.0023581528,0.00069779484,4.755586e-5,6.890848
0.005438504,0.0028621717,0.0025537934,0.0010882149,4.5548233e-5,4.617831
0.0060221236,0.004360656,0.0024948718,0.00075943704,4.5152407e-5,4.2934737
0.00469134,0.004501951,0.0024485693,0.00089838344,5.1092986e-5,5.745312
0.0059012244,0.004292381,0.002333238,0.00063774857,4.4771503e-5,5.0223885
0.0047285394,0.0041886126,0.0023050406,0.00065845443,4.687553e-5,6.8685617
0.0057695364,0.004329657,0.0025144767,0.0008044193,4.6863817e-5,4.601055
0.0041919355,0.004531116,0.0023167823,0.0007004194,4.797557e-5,7.6855507
0.0063411645,0.0040024114,0.002213205,0.0005577495,5.0521823e-5,3.950527
0.005445202,0.0033585196,0.0025432291,0.0008694254,4.5830853e-5,4.621081
0.005560213,0.0029619879,0.0026358666,0.0010257758,4.3155804e-5,4.4930425
0.0061032157,0.00378951,0.002493965,0.0007269209,4.314742e-5,4.286868
0.0040964275,0.0040643807,0.0022758653,0.00079540914,4.975797e-5,7.263486
0.0055057206,0.003297583,0.002596054,0.0009031061,4.3943928e-5,4.581652
0.004282194,0.0044454304,0.0021957087,0.0008729797,5.2383723e-5,7.014602
0.004827655,0.0034528796,0.0026571346,0.0012972404,5.1742685e-5,4.7943115
0.0046944176,0.0051461905,0.0023130693,0.00087272923,5.2626485e-5,6.1474237
0.0050925915,0.005057038,0.0024018225,0.000817211,5.07958e-5,5.45495
0.0040280954,0.004574093,0.002164174,0.00093489286,5.4545653e-5,7.2380385
0.0065605952,0.0041033914,0.0023784984,0.0005965988,4.3428936e-5,3.9294908
0.003876486,0.005714247,0.0023347342,0.0010384556,4.9323724e-5,7.2799616
0.0051979916,0.003676617,0.0025127097,0.0009751264,4.987563e-5,4.8110046
0.00532535,0.003841522,0.002411387,0.000919924,5.279761e-5,4.722816
0.006067123,0.003613218,0.0025290938,0.0007513935,4.224216e-5,4.243334
0.0064745615,0.0040817875,0.0022290712,0.0005484233,4.8553673e-5,3.7702944
0.0045632985,0.003791193,0.002685854,0.0013529125,4.950284e-5,5.1721373
0.0067291884,0.0041324887,0.0022941437,0.00053379626,4.465075e-5,3.657542
0.004572879,0.00516102,0.0022929315,0.00089256786,5.3176584e-5,6.3201933
0.0054264604,0.004143759,0.0025630258,0.00090352155,4.6973677e-5,4.656977
0.007316483,0.0064994264,0.0027564059,0.002023548,8.022143e-5,3.0993693
0.004578674,0.005059933,0.0022892146,0.00087944954,5.278943e-5,6.334972
0.0048639574,0.0042514056,0.0026189224,0.0012526722,5.057636e-5,5.0130153
0.006047241,0.0069252606,0.0025557198,0.0018199616,8.011316e-5,4.4544744
0.0072710426,0.00584556,0.0026932636,0.0016892406,7.579282e-5,3.166936
0.0046737823,0.006314921,0.0023588832,0.0014000667,6.754844e-5,5.352051
0.005553281,0.003961315,0.002556034,0.00086953223,4.587569e-5,4.5891304
0.005738054,0.00431081,0.0024990342,0.00080661674,4.677616e-5,4.5508413
0.005252565,0.0048013385,0.0025082012,0.0009092665,5.078405e-5,4.887908
0.0056963563,0.004494319,0.0025045683,0.00082363054,4.7400168e-5,4.550323
0.004815805,0.0044630324,0.0025911136,0.0010860673,5.1071806e-5,5.0623064
0.004907912,0.005240131,0.0025144406,0.0009899352,5.322668e-5,5.105702
0.0058503593,0.0044171484,0.0024417543,0.0007445568,4.6538426e-5,4.629591
0.0058503593,0.0044171484,0.0024417543,0.0007445568,4.6538426e-5,4.629591
0.0030624727,0.0055943034,0.0018704336,0.0021537866,8.107552e-5,2.734374
0.0034236033,0.006423767,0.0019722776,0.002141356,7.821306e-5,3.1253595
0.0025324738,0.0048250095,0.0015841825,0.001998968,7.00696e-5,2.773727
0.0031928194,0.006021117,0.0019308641,0.0021465088,8.025593e-5,2.9189696
0.003166344,0.006091127,0.0019528384,0.0021095178,7.985232e-5,2.9994853
0.0026681519,0.005107426,0.0015160963,0.0021331,6.968252e-5,2.687323
0.0031482154,0.006040861,0.0019440744,0.0021074638,8.020951e-5,2.954341
0.0032440608,0.006748298,0.0019473335,0.0018522093,7.268568e-5,5.163872
0.0033142266,0.0061412104,0.0019928804,0.0020459555,7.9239275e-5,3.071507
0.003217303,0.0060359826,0.0019683896,0.0020908737,7.994697e-5,2.990845
0.0026358818,0.0056184675,0.001505712,0.0016828252,6.073166e-5,5.192149
0.0027945123,0.005809574,0.0016555294,0.0019248483,6.651585e-5,3.4560301
0.0026234535,0.0057181222,0.0017531702,0.0019525248,6.860495e-5,3.0684083
0.0027593602,0.0058678593,0.0016917086,0.001950819,6.743987e-5,3.2780962
0.0025900314,0.0062527093,0.00177822,0.0019208294,6.7560184e-5,3.550812
0.00324628,0.0054256865,0.0018889834,0.0013465456,6.5010674e-5,6.6829667
0.0036015203,0.0063873767,0.002100643,0.00181626,7.610192e-5,3.9283357
0.002935341,0.0046020467,0.0018571405,0.00123402,6.251662e-5,7.6623898
0.0025014072,0.0063274004,0.0017314466,0.0017511003,6.53982e-5,4.501383
0.0025824506,0.0040400997,0.0016475781,0.0011254337,6.0441045e-5,7.4153476
0.0036525573,0.006337831,0.00210032,0.001761472,7.606972e-5,4.100037
0.002809268,0.0054732533,0.0015218843,0.002183017,6.896039e-5,2.7105303
0.0033193552,0.0062710047,0.0019687437,0.002115541,7.8884426e-5,3.0777555
0.0032963522,0.006283453,0.0019329576,0.002215701,7.980581e-5,2.965243
0.0025268528,0.0048827413,0.0015823108,0.002022746,7.003572e-5,2.7837813
0.002809268,0.0054732533,0.0015218843,0.002183017,6.896039e-5,2.7105303
0.003106701,0.00576355,0.0019046343,0.0020905957,8.056687e-5,2.8256423
0.0031243504,0.005961669,0.0019331102,0.0021106116,8.0371334e-5,2.9147584
0.0031974292,0.006093207,0.0019361972,0.0021738897,8.022241e-5,2.9405951
0.0034854808,0.00665609,0.0019275512,0.0023199755,7.8253695e-5,3.0747724
0.0031285824,0.005905331,0.0018822853,0.0022307131,8.079897e-5,2.8115642
0.0024932208,0.0048209033,0.0016731927,0.0018962767,7.0097194e-5,2.9154525
0.003530536,0.006562725,0.0020356644,0.0019471705,7.603224e-5,3.8880372
0.0035227719,0.0062901797,0.0020604932,0.0019746148,7.76626e-5,3.2658908
0.003301092,0.0059957495,0.001989534,0.002068756,7.999867e-5,2.987527
0.0027192398,0.005560766,0.0014612717,0.001885778,6.195541e-5,4.402923
0.0036338628,0.006305722,0.0020959305,0.0019420416,7.7153316e-5,3.3340127
0.0035592325,0.006398103,0.002083761,0.0018924405,7.639521e-5,3.7159646
0.0026341886,0.0057226825,0.0015905744,0.0016975263,6.201645e-5,4.8244834
0.0026341886,0.0057226825,0.0015905744,0.0016975263,6.201645e-5,4.8244834
0.003617234,0.006273483,0.0020878592,0.0019483087,7.746486e-5,3.295351
0.0024873556,0.005347817,0.001752523,0.0019415846,6.924051e-5,3.0584698
0.0033716785,0.0060864193,0.002011671,0.0020373252,7.9305726e-5,3.0705128
0.002510047,0.005722521,0.0016060225,0.0015280274,6.104938e-5,5.806205
0.0023534524,0.0043790243,0.0015879467,0.0012327307,6.0295348e-5,7.5227294
0.0026153421,0.0061121397,0.0018051511,0.0019798698,6.792607e-5,3.2449255
0.0023892233,0.0053368155,0.0015124865,0.0014826047,6.0607377e-5,6.1732154
0.0021645771,0.0049627423,0.0014518291,0.0013638126,6.028549e-5,6.9291086
0.0025623734,0.00612517,0.0017005919,0.0017241201,6.464266e-5,4.5085588
0.0025268132,0.005968358,0.0016312603,0.001608118,6.1338105e-5,5.3504424
0.0024298509,0.0042312816,0.0015974168,0.0011318614,6.0167356e-5,7.3230877
0.0021633073,0.004993649,0.0015062025,0.0012859332,6.052781e-5,7.0783997
0.0022768155,0.005190557,0.0016036417,0.0012640306,6.0983068e-5,6.964536
0.0052072974,0.0068652267,0.0024279114,0.0016340049,7.420432e-5,5.1661024
0.0052072974,0.0068652267,0.0024279114,0.0016340049,7.420432e-5,5.1661024
0.0058243773,0.006069576,0.0018266859,0.00084865803,4.038122e-5,8.642042
0.0058243773,0.006069576,0.0018266859,0.00084865803,4.038122e-5,8.642042
0.0056518707,0.0042840103,0.002536013,0.00083904905,4.7041045e-5,4.6448097
0.0056518707,0.0042840103,0.002536013,0.00083904905,4.7041045e-5,4.6448097
0.0059359097,0.0038950224,0.0025419232,0.0007927304,4.359537e-5,4.29474
0.0059359097,0.0038950224,0.0025419232,0.0007927304,4.359537e-5,4.29474
0.0056060306,0.0030645928,0.002619151,0.0009383277,4.296149e-5,4.4327087
0.0056060306,0.0030645928,0.002619151,0.0009383277,4.296149e-5,4.4327087
0.0048353397,0.003897729,0.0026558917,0.0013072897,4.9181326e-5,4.9995046
0.0048353397,0.003897729,0.0026558917,0.0013072897,4.9181326e-5,4.9995046
0.0037519115,0.005078211,0.0021762075,0.0010274131,5.7501784e-5,7.230842
0.0037519115,0.005078211,0.0021762075,0.0010274131,5.7501784e-5,7.230842
0.0045021526,0.004446504,0.001982979,0.0008788114,5.3885633e-5,7.313032
0.0045021526,0.004446504,0.001982979,0.0008788114,5.3885633e-5,7.313032
0.0056333574,0.0038937645,0.0022910524,0.0006221746,4.4357814e-5,5.499477
0.0056333574,0.0038937645,0.0022910524,0.0006221746,4.4357814e-5,5.499477
0.007090024,0.0043980796,0.002126352,0.00062657,5.315346e-5,5.6377788
0.007090024,0.0043980796,0.002126352,0.00062657,5.315346e-5,5.6377788
0.0062182946,0.003371007,0.0024977145,0.0007177269,4.195317e-5,4.136636
0.0062182946,0.003371007,0.0024977145,0.0007177269,4.195317e-5,4.136636
0.007671497,0.0032632565,0.0026996231,0.001279368,6.7707406e-5,3.380241
0.007671497,0.0032632565,0.0026996231,0.001279368,6.7707406e-5,3.380241
0.004760388,0.0048018247,0.0021440303,0.000722344,4.8817485e-5,7.529619
0.004760388,0.0048018247,0.0021440303,0.000722344,4.8817485e-5,7.529619
0.0044462476,0.005024808,0.0023039717,0.0008113529,5.017887e-5,7.648813
0.0044462476,0.005024808,0.0023039717,0.0008113529,5.017887e-5,7.648813
0.0066170413,0.0059294435,0.0028385646,0.0022799477,8.303896e-5,3.5649183
0.0066170413,0.0059294435,0.0028385646,0.0022799477,8.303896e-5,3.5649183
0.007382104,0.004528642,0.0023316133,0.0007854219,5.4483906e-5,4.1098666
0.007382104,0.004528642,0.0023316133,0.0007854219,5.4483906e-5,4.1098666
0.0054434855,0.0028772913,0.0025800795,0.0010525645,4.483801e-5,4.57953
0.0054434855,0.0028772913,0.0025800795,0.0010525645,4.483801e-5,4.57953
0.0077985,0.003415963,0.0025760578,0.0010407887,6.0324623e-5,3.4546568
0.0077985,0.003415963,0.0025760578,0.0010407887,6.0324623e-5,3.4546568
0.0062293033,0.0048158905,0.0019201804,0.0008612809,5.733989e-5,6.8428445
0.0062293033,0.0048158905,0.0019201804,0.0008612809,5.733989e-5,6.8428445
0.0050552785,0.005720136,0.002264927,0.0012212439,6.243258e-5,6.5715504
0.0050552785,0.005720136,0.002264927,0.0012212439,6.243258e-5,6.5715504
0.0062741023,0.003969055,0.0024687827,0.00068884745,4.2916086e-5,4.164919
0.0062741023,0.003969055,0.0024687827,0.00068884745,4.2916086e-5,4.164919
0.0067082173,0.00492546,0.0021620805,0.0007775847,5.5692315e-5,5.8629193
0.0067082173,0.00492546,0.0021620805,0.0007775847,5.5692315e-5,5.8629193
0.0077835135,0.0036623331,0.0024344327,0.0013669044,6.953687e-5,3.0889287
0.0077835135,0.0036623331,0.0024344327,0.0013669044,6.953687e-5,3.0889287
0.006927025,0.003450087,0.0029533366,0.0019482746,7.943384e-5,2.3468597
0.006927025,0.003450087,0.0029533366,0.0019482746,7.943384e-5,2.3468597
0.0072842133,0.005733602,0.0022675348,0.0007862067,5.2152256e-5,4.507998
0.0067939744,0.009207816,0.0013672952,0.0012903464,2.6761867e-5,9.305188
0.005065412,0.006306921,0.0021553177,0.0010678687,5.5065208e-5,6.6211195
0.0070005124,0.0049143783,0.0019675095,0.0006484589,4.8078193e-5,4.762591
0.007264241,0.0044691935,0.0019245502,0.0007218213,5.8022237e-5,3.5759907
0.005400444,0.0044831415,0.0024345722,0.00073691754,4.830459e-5,5.845712
0.0041479617,0.0069250627,0.0019575069,0.0013147002,5.6081197e-5,7.1590433
0.0062299087,0.007720506,0.002227132,0.0010925555,4.8349884e-5,6.6406717
0.0040090256,0.0018079029,0.0018069166,0.00055515335,8.193741e-5,4.24836
0.0039180643,0.0030454875,0.0016041942,0.00068398437,7.990467e-5,4.0273743
0.004091125,0.0054668067,0.0020193094,0.0013906927,7.25627e-5,4.804824
0.0034374637,0.0035228236,0.0012394552,0.00042908327,7.551609e-5,6.9586573
0.004321004,0.004495608,0.0020516808,0.0012395006,7.964624e-5,4.457479
0.0041029193,0.003699269,0.0018088123,0.000665861,7.035053e-5,5.3070807
0.0039815754,0.005205063,0.0020163958,0.0014253415,7.9283636e-5,4.486393
0.0041992264,0.0047676335,0.002018415,0.0013646374,7.90234e-5,4.5201
0.0037993914,0.0017808995,0.0016815086,0.00050723425,8.288814e-5,4.504163
0.0036941771,0.0029537866,0.0010477228,0.0004372014,7.2945644e-5,7.220442
0.0048385137,0.0028130386,0.0016028044,0.0006662641,7.666537e-5,4.521199
0.003941725,0.0035468917,0.0017131094,0.0006522384,7.228705e-5,5.750779
0.0050799088,0.0035684102,0.0016271232,0.0007841321,6.8514695e-5,4.930533
0.0029812146,0.003317784,0.0011886993,0.00046995716,7.614156e-5,7.2789226
0.004038783,0.0036503396,0.0017689876,0.000674974,7.139393e-5,5.495086
0.004319377,0.0034653116,0.0010005253,0.0005876123,7.089312e-5,7.0671816
0.0033977665,0.003274254,0.0012084562,0.00080149056,7.944407e-5,5.9133806
0.001819646,0.0029588516,0.00063592056,0.00057323044,7.925742e-5,8.609776
0.002515677,0.0032608202,0.00093166274,0.0005485375,7.381708e-5,8.551543
0.00457946,0.003564164,0.0019263362,0.001025532,7.774956e-5,4.4835587
0.004273138,0.00452506,0.0019444876,0.0013131207,7.749706e-5,4.6204805
0.003934549,0.0039492734,0.0019871588,0.0010744525,6.437014e-5,6.491017
0.004265681,0.004476598,0.0019387071,0.0011459894,7.805556e-5,4.5353494
0.00437037,0.0043632537,0.0020305326,0.0011401824,7.937427e-5,4.433433
0.0030736185,0.0034380113,0.0009937446,0.00049887213,7.648898e-5,7.277473
0.004382251,0.0036066275,0.0017553167,0.00084665464,7.667786e-5,4.6453686
0.004022218,0.005282904,0.0020756798,0.0016337802,8.021526e-5,4.4303184
0.004518926,0.004690233,0.0020978253,0.0009885726,6.731943e-5,4.836084
0.003505638,0.0034235357,0.0012716565,0.00063974987,7.52616e-5,6.3379555
0.003295047,0.001648268,0.0014803321,0.00042483493,8.389611e-5,4.898557
0.0068821595,0.0065670544,0.0025010288,0.0014079703,7.470603e-5,4.27816
0.0061589982,0.006645918,0.0024902418,0.0012825773,6.7906745e-5,4.7167077
0.00556138,0.0051709376,0.002116338,0.0009474008,5.579918e-5,6.6773114
0.0065021487,0.006457927,0.002262218,0.0011189439,6.501377e-5,5.110166
0.0056381375,0.0064355596,0.0022903152,0.0013090163,6.676655e-5,5.702941
0.005073454,0.005104953,0.0020296273,0.0010789861,6.0303788e-5,7.270379
0.0054941955,0.006411433,0.0022804958,0.0013315296,6.6959525e-5,5.752833
0.005827244,0.0063951444,0.002291956,0.0012982709,6.6162065e-5,5.7861023
0.006469568,0.0068397284,0.0025367434,0.0017075668,7.8976685e-5,4.559651
0.0056987493,0.0069034644,0.0024411844,0.0015864364,7.4088945e-5,5.14983
0.0029451477,0.0057882806,0.00188042,0.0023395608,8.146567e-5,2.6982322
0.003331326,0.005456829,0.0014114081,0.0022387188,6.66142e-5,2.372236
0.0029989518,0.0055906605,0.0018765341,0.0022294568,8.141778e-5,2.6965597
0.0031724465,0.005706236,0.0018559403,0.0021326153,8.0728525e-5,2.7286143
0.0028560453,0.0054325494,0.0015884007,0.0020479448,6.859655e-5,2.7714546
0.002382861,0.0050242348,0.0017394971,0.0019537057,6.990542e-5,3.036593
0.0032723804,0.0054745954,0.001364796,0.0023596385,6.730631e-5,2.341429
0.0024192058,0.005558815,0.0017671853,0.0020027943,6.923047e-5,3.1504264
0.0032468187,0.0056257523,0.0014258034,0.0021771071,6.6072615e-5,2.6843047
0.0023995694,0.005659824,0.0017731297,0.0020345517,6.905047e-5,3.201725
0.0030477985,0.005565625,0.0015135542,0.002175587,6.786746e-5,2.6251493
0.0031758805,0.0060412707,0.0019737543,0.0021160054,7.9421785e-5,3.0481768
0.0027601477,0.005287781,0.0016831977,0.0018898782,6.8934096e-5,2.888369
0.0025094037,0.0053440887,0.0017026127,0.001988917,6.9356654e-5,3.0236413
0.0022492227,0.0048682555,0.0013354392,0.0014542182,5.7587247e-5,6.969229
0.003259165,0.006006954,0.0019993111,0.0020832194,7.924766e-5,3.0785704
0.002601524,0.0054427446,0.0012988339,0.0017114169,5.9249607e-5,5.273115
0.0025340791,0.0053451317,0.0014132025,0.0016980153,6.0401704e-5,5.459824
0.002759392,0.005866274,0.0017196443,0.0019941854,6.8191e-5,3.0535054
0.0034267176,0.006202261,0.002045634,0.0020061827,7.774846e-5,3.2493527
0.0032252478,0.006456296,0.001606306,0.0018177953,6.146126e-5,6.1780343
0.003391627,0.005559725,0.0016417869,0.0014269412,6.002352e-5,6.4639077
0.0020738933,0.0063837804,0.0019348738,0.0022806686,6.835137e-5,3.6283648
0.0026238929,0.0058033466,0.0015915032,0.0016425753,6.150877e-5,5.0841546
0.0023728183,0.0053235013,0.0015311739,0.0014690519,6.074605e-5,6.234857
0.002251091,0.0052440437,0.0016416135,0.0013699649,6.075778e-5,7.129099
0.0035034027,0.0053304774,0.0018718115,0.0013270798,6.427817e-5,6.4282784
0.0036608519,0.005931033,0.0016055398,0.0016759293,6.007141e-5,5.8386545
0.0027304632,0.0059780865,0.0017156672,0.0019378018,6.7837034e-5,3.2946491
0.0028104426,0.0056615802,0.0015978467,0.0021162995,6.818855e-5,2.8779624
0.003128467,0.005995628,0.0019381049,0.0021123688,8.033101e-5,2.930985
0.0025899995,0.0056285597,0.0017640924,0.0019365472,6.868889e-5,3.0696287
0.0025461088,0.006258641,0.0017480892,0.0018270357,6.680467e-5,3.9892886
0.0025814557,0.0050353385,0.0016321898,0.001970946,6.959065e-5,2.857598
0.002457822,0.0049950546,0.0016914544,0.0019252436,6.9815505e-5,2.9690752
0.0028708184,0.0057215374,0.0016062192,0.002022596,6.681305e-5,3.1725178
0.002759392,0.005866274,0.0017196443,0.0019941854,6.8191e-5,3.0535054
0.0024893617,0.005046115,0.0017148585,0.0019100668,6.975705e-5,2.9876316
0.0025425646,0.004920272,0.0015739519,0.0020404856,6.999004e-5,2.7741053
0.0025678775,0.004909096,0.0014885511,0.002120444,7.070182e-5,2.616732
0.0025563454,0.0047847256,0.0015019034,0.0020303186,7.18786e-5,2.590684
0.002583301,0.0049213916,0.001482774,0.002118056,7.077278e-5,2.598321
0.001965477,0.005455309,0.0019165707,0.0021512972,6.519069e-5,3.8658493
0.002543446,0.0048578437,0.001482827,0.002086468,7.16449e-5,2.5777104
0.0026722087,0.0055663073,0.0014549724,0.0017724609,6.0639253e-5,4.9603434
0.0025145765,0.0045997063,0.0016239301,0.0018927396,7.052453e-5,2.8133543
0.0026234535,0.0057181222,0.0017531702,0.0019525248,6.860495e-5,3.0684083
0.0025417383,0.0051802713,0.0016986297,0.0019262247,6.93903e-5,2.9687562
0.0027618005,0.0055182083,0.0015356665,0.0021928824,6.903624e-5,2.755844
0.0025935909,0.004976601,0.0015515772,0.0020694416,6.98739e-5,2.7363029
0.0025352703,0.004616409,0.0015962133,0.0019079675,7.09956e-5,2.7523286
0.002551034,0.004910495,0.0016510482,0.0019229238,6.982902e-5,2.878231
0.0027615563,0.0059164753,0.0016943356,0.0019428338,6.751965e-5,3.3007388
0.0024839393,0.0051974477,0.0016906463,0.001977289,6.957375e-5,2.9992135
0.0025965534,0.005768556,0.0017923142,0.001973804,6.8353234e-5,3.0781517
0.0025834735,0.0057564974,0.0015881776,0.001588504,6.1042396e-5,5.39453
0.0025115982,0.005074966,0.0016933604,0.001919039,6.9612914e-5,2.9605918
0.002498999,0.004768891,0.0015684601,0.0020195562,7.024954e-5,2.7543387
0.0025565673,0.0049958397,0.0015836523,0.00204376,6.98604e-5,2.7960172
0.0025309043,0.0052346783,0.0016999646,0.0019470145,6.9379144e-5,2.9870093
0.0027886794,0.0056509627,0.0016133614,0.0021009804,6.860712e-5,2.8716567
0.0025103719,0.004845182,0.0015909872,0.002004943,7.0082846e-5,2.7941847
0.00400163,0.003686259,0.001963811,0.0010019144,6.2314284e-5,6.7397003
0.003706909,0.0037189268,0.001986671,0.0009298557,6.0841772e-5,6.9778895
0.0036980775,0.0037387472,0.0019884754,0.00092426874,6.0805174e-5,6.9843845
0.0024006302,0.006694626,0.0008784081,0.0034438588,6.615109e-5,1.7050344
0.0023698427,0.0062542334,0.00095852074,0.0025503451,5.4169777e-5,1.6895258
0.001925741,0.006405079,0.00081691303,0.0034243795,6.7701934e-5,1.7242746
0.0027629475,0.007265589,0.00096606126,0.003159187,6.395399e-5,2.3443668
0.0028616341,0.0072629857,0.0009775601,0.0032512362,6.429494e-5,1.8853761
0.0022283045,0.0067213303,0.0008814647,0.0033592125,6.7243695e-5,1.9561566
0.002918374,0.0073562055,0.0009835534,0.0031609267,6.264144e-5,2.2804015
0.0034333433,0.007265598,0.0010826834,0.0028418787,5.546139e-5,1.6220593
0.002941425,0.00664991,0.000997557,0.002693581,5.5006956e-5,1.6618909
0.002369917,0.0067211147,0.00088219775,0.0034114365,6.6367065e-5,1.7981888
0.0025345457,0.006366829,0.0009643463,0.0025946195,5.41759e-5,1.6708298
0.0030056587,0.0067022983,0.0010079383,0.002705664,5.519465e-5,1.6704108
0.0029145877,0.0072725583,0.0009731197,0.0032690836,6.380319e-5,1.8762105
0.0034380616,0.0070151864,0.0011361671,0.0026536305,5.1200266e-5,1.8966681
0.002403928,0.00696704,0.0009357885,0.003226284,6.654112e-5,2.2751517
0.0033808122,0.0069258986,0.0011803661,0.0025361592,4.9595274e-5,2.2938895
0.0031023906,0.007408773,0.0010085544,0.0031781679,6.0723927e-5,2.2122958
0.0030424355,0.0071597593,0.0009364935,0.003400321,6.33102e-5,1.4023188
0.0026868896,0.006972643,0.0009191118,0.0033929262,6.465912e-5,1.6718096
0.0038468621,0.007834006,0.0011460765,0.002994132,5.590955e-5,1.5254399
0.0029272444,0.006404896,0.0010763372,0.002483904,5.0162304e-5,1.9536998
0.0034655998,0.006998783,0.0011500686,0.002627601,5.0878683e-5,1.9463528
0.0022364126,0.006721601,0.00087552314,0.0032818334,6.619525e-5,2.198898
0.002860686,0.0065356065,0.0009961523,0.0026347628,5.360906e-5,1.7020298
0.0034134134,0.006939038,0.0011356433,0.0026282785,5.128511e-5,1.9128737
0.0028016567,0.0063650617,0.0010471325,0.002488162,5.076619e-5,1.908633
0.002629632,0.0070443205,0.0009361821,0.003268489,6.510634e-5,2.2105467
0.0033860358,0.007136986,0.0010894899,0.0027740684,5.4140324e-5,1.70787
0.0031322017,0.006567234,0.0011237151,0.0024756484,4.9861083e-5,2.1660933
0.0022683707,0.006228811,0.0009257154,0.0025880614,5.555404e-5,1.5220642
0.0025142487,0.006796929,0.00089297997,0.003432213,6.5539665e-5,1.6635561
0.0030803035,0.006639334,0.0010514911,0.002609034,5.255803e-5,1.8127384
0.0029061968,0.0065322444,0.0010181083,0.0025970945,5.2133506e-5,1.7766751
0.0017609398,0.0057415524,0.00095775415,0.0024541882,5.2338022e-5,1.7381042
0.003458709,0.0070442148,0.0011643359,0.0026001795,4.9804978e-5,2.1055553
0.003231672,0.0069437777,0.0010600925,0.0027361498,5.4410357e-5,1.7189428
0.0030845657,0.006822904,0.0010162239,0.0027565379,5.621591e-5,1.6414113
0.0029055742,0.0066045737,0.0009930503,0.0026804663,5.4937045e-5,1.6615912
0.0026470893,0.007164109,0.0009547848,0.0031792526,6.485649e-5,2.366054
0.0028585948,0.007307156,0.00096179557,0.003216233,6.358985e-5,2.188217
0.0025538276,0.0070045856,0.0009348744,0.003267303,6.57112e-5,2.160621
0.0053850547,0.007906767,0.0019795941,0.0013454079,3.903226e-5,9.047038
0.0050068125,0.0068584816,0.0022025055,0.0010961379,5.42414e-5,6.401168
0.007447871,0.005354989,0.0025773924,0.00097008346,5.7807563e-5,4.0134497
0.0071056713,0.0051634507,0.0023367745,0.0007619759,5.40029e-5,5.25627
0.006268492,0.0065244315,0.0023515453,0.0009343051,5.3662785e-5,5.6573696
0.00649532,0.007648227,0.002491431,0.0015823102,4.9228594e-5,4.217306
0.005417943,0.006577099,0.0022545445,0.0010097455,5.354933e-5,6.0594654
0.005677381,0.005942425,0.0018965373,0.00074883236,3.6522266e-5,8.817498
0.0054461784,0.00654235,0.0019601854,0.0009818617,4.0563446e-5,8.905488
0.0046912315,0.0070404517,0.0021594055,0.0012627178,5.2705487e-5,6.4885125
0.006763765,0.007899282,0.0019113971,0.0010830193,4.1722167e-5,7.8526645
0.0073016114,0.0058102906,0.0024432393,0.0009311391,5.461477e-5,3.6330507
0.0051991967,0.0084460825,0.0021682729,0.0014534204,4.7912916e-5,6.6425667
0.00731851,0.0060932348,0.0027107326,0.001358357,6.178861e-5,3.1911616
0.0043393294,0.004333562,0.0024117762,0.0007630393,4.8884525e-5,7.085178
0.0052057523,0.0057980623,0.0023128218,0.0010284248,5.4089942e-5,6.1599674
0.0041383486,0.004426801,0.0024225558,0.0007759931,4.9465827e-5,7.323766
0.0044510243,0.006130886,0.0021622365,0.0009926566,4.460615e-5,8.644788
0.0052471235,0.005443693,0.0021959147,0.0008028574,4.1286432e-5,8.305994
0.0037591038,0.004797041,0.0020026152,0.0010359065,5.658572e-5,7.008058
0.003125396,0.006042094,0.0021890493,0.0012089674,6.241793e-5,6.9610357
0.007285627,0.006293262,0.0026598985,0.0017478543,7.6915436e-5,3.1963198
0.0051925895,0.0048051,0.002538969,0.00094826793,5.0559687e-5,4.852678
0.005714297,0.0041156933,0.0024753073,0.00078803924,4.663471e-5,4.6661425
0.00729109,0.005308351,0.00236483,0.0009315591,5.9468515e-5,4.136607
0.003919815,0.0052102352,0.0022244141,0.0010261419,5.704368e-5,6.989711
0.0050318474,0.0040279715,0.0021861554,0.00059666083,4.5523637e-5,6.675164
0.0054137227,0.0068602725,0.0023994972,0.001465686,6.8539804e-5,5.3558598
0.0039979117,0.00461258,0.0022526036,0.0009366693,5.394352e-5,7.108272
0.004001648,0.0047109695,0.0023252156,0.0009366101,5.3582102e-5,6.8312435
0.002125578,0.0060207723,0.0018438812,0.0014007759,6.125167e-5,6.089623
0.0035857246,0.004933321,0.002222594,0.001027898,5.7143905e-5,7.2319016
0.005657004,0.0061944537,0.0023331905,0.0012231155,6.363116e-5,5.8484097
0.0065270513,0.0065871,0.0023027158,0.0011930472,6.612399e-5,5.030773
0.005666698,0.006447481,0.0019990613,0.0010203978,4.631366e-5,8.385092
0.004807929,0.0059420587,0.0021863228,0.0013584269,6.6313856e-5,6.3344507
0.004666673,0.0042246226,0.0020713678,0.0008451842,5.1592036e-5,7.2914314
0.0041277045,0.0055246297,0.002501481,0.0014322831,5.679403e-5,5.115762
0.0061662965,0.004051376,0.0022485366,0.0005462781,4.2236e-5,5.10173
0.0069906088,0.006243984,0.0023281304,0.001060368,6.28631e-5,4.481455
0.007323927,0.0065378374,0.0027303917,0.001912126,7.9051184e-5,3.1401367
0.007370228,0.004189753,0.002261812,0.00067923253,5.154869e-5,4.3357425
0.0071754134,0.0057181576,0.0024188142,0.00094969594,5.9445894e-5,4.2968597
0.0067974324,0.0067254575,0.002586058,0.0014783888,7.5406424e-5,4.0546827
0.004313648,0.005561694,0.002344897,0.0009832962,5.556019e-5,6.30863
0.006964337,0.006429093,0.0023479403,0.001124564,6.4204934e-5,4.5131307
0.006981757,0.0067125126,0.0026018126,0.0017246691,7.8510384e-5,3.9022465
0.0059463354,0.00469129,0.0024796347,0.0007714701,4.677513e-5,4.3699007
0.00644778,0.004098508,0.0023059582,0.00054806337,4.1505282e-5,4.5417743
0.006967806,0.006449248,0.00277341,0.002263498,8.335514e-5,3.336159
0.003912162,0.0049428116,0.002556359,0.0015573472,5.534474e-5,5.2395563
0.007678999,0.0037077873,0.0027550957,0.0015264159,7.1330556e-5,3.1900299
0.005671192,0.0040748576,0.0024408647,0.0007675792,4.998769e-5,4.5850554
0.0077320873,0.0035505432,0.0024583382,0.0015141863,7.325649e-5,3.0383167
0.0051819077,0.003577029,0.0026470663,0.0011817749,4.626692e-5,4.745454
0.00550279,0.0040222285,0.002447011,0.00079597824,5.1043895e-5,4.6812344
0.0054949853,0.0029344126,0.0026180707,0.0009680566,4.3645032e-5,4.532585
0.00518085,0.0035595845,0.0026440222,0.00113358,4.6026125e-5,4.742206
0.004912069,0.0048172516,0.0025701306,0.0011510035,5.2396616e-5,5.0377645
0.005238703,0.0034858396,0.0026374501,0.0010424147,4.518411e-5,4.697528
0.00553423,0.0036703916,0.0026135605,0.0010213337,4.4816312e-5,4.516574
0.005363837,0.0039927834,0.0025546334,0.0008911466,4.854038e-5,4.786127
0.0063652513,0.0040442105,0.0024337256,0.00065311044,4.319049e-5,4.163203
0.007403892,0.0047023706,0.0027234617,0.001340096,6.9122696e-5,3.0520525
0.0059340913,0.0039281766,0.0024980223,0.0007613536,4.455718e-5,4.420653
0.006106635,0.0038987102,0.002442607,0.0006980807,4.464428e-5,4.326824
0.004692915,0.003863105,0.0026723035,0.0013421776,4.9530274e-5,5.0923185
0.0054843863,0.0033059896,0.0026143144,0.00091942126,4.361188e-5,4.547458
0.005137008,0.0031567763,0.0025916607,0.0010927332,4.6108325e-5,4.780649
0.004315705,0.0035758908,0.0017219632,0.000810241,7.683093e-5,4.686243
0.003506482,0.0033439088,0.0012453379,0.00043421017,7.532318e-5,6.5915856
0.0027577868,0.003353907,0.0010912805,0.00041506308,7.6407276e-5,7.7952275
0.00283496,0.0013558388,0.0015738676,0.00038233565,8.34388e-5,4.81204
0.0019484911,0.0009101587,0.0015859988,0.00030165716,8.316429e-5,4.973126
0.0023665451,0.0015741023,0.000435739,0.00029517262,8.156077e-5,8.789047
0.003875756,0.0023799248,0.0012166146,0.00045877794,8.5130254e-5,5.40178
0.0031301707,0.0014059984,0.0017071384,0.0004346407,8.3289655e-5,4.464891
0.0018064972,0.00088238344,0.0012130915,0.0002676096,8.215678e-5,6.915343
0.004870768,0.0042578895,0.0019465783,0.0010364794,6.60335e-5,5.59197
0.0036107455,0.0019845807,0.0013532788,0.00044893374,8.498052e-5,4.93668
0.00430788,0.0030729163,0.0019686949,0.0010322909,7.82533e-5,4.321216
0.004423477,0.0035635973,0.0017940032,0.00085331406,7.7670295e-5,4.509642
0.0037821403,0.0024970928,0.002184484,0.0010973617,7.667894e-5,4.7410274
0.0044329218,0.004247522,0.0018984019,0.00094890484,7.233031e-5,4.7708406
0.0021359334,0.0011478226,0.0007897297,0.00028788496,8.282803e-5,7.8127775
0.0038399815,0.0033914177,0.0014361757,0.0005308311,7.635834e-5,5.6850467
0.003894118,0.0032687706,0.000773143,0.0004684386,7.619708e-5,7.5359025
0.0044116452,0.0041576694,0.0019069307,0.0009022865,7.137632e-5,4.8279204
0.003990113,0.0033587434,0.0009219958,0.0005250268,7.350714e-5,7.135924
0.003467734,0.0034841415,0.001305603,0.00046851122,7.518197e-5,6.7636843
0.0030098683,0.0019177687,0.0008554283,0.00035502476,8.340651e-5,7.2605896
0.0040411446,0.0035517393,0.0017354732,0.00070610514,6.87753e-5,6.335162
0.003716746,0.0019420306,0.0014369396,0.0004746113,8.4841144e-5,4.709644
0.0036463214,0.0035253456,0.0006207194,0.00054860103,7.3592426e-5,8.385723
0.0036831393,0.0034060867,0.0013762424,0.00075120904,6.857246e-5,7.710708
0.0040969127,0.0036086673,0.0016393425,0.00068908837,7.4074385e-5,5.401841
0.0031787176,0.0035344425,0.0010626869,0.00040317498,7.639879e-5,7.444429
0.0038198633,0.0036097935,0.0017247794,0.0006523065,7.12994e-5,6.090179
0.004245081,0.0028624742,0.0012005828,0.0004967671,8.1443584e-5,5.5294156
0.0026683116,0.0015487323,0.0008741998,0.00033270833,8.364715e-5,7.1638584
0.003506482,0.0033439088,0.0012453379,0.00043421017,7.532318e-5,6.5915856
0.005123831,0.0034056115,0.0018177677,0.0007668242,6.77237e-5,4.5974975
0.002269397,0.0012367829,0.00082223566,0.00029963767,8.310174e-5,7.6078014
0.0039847163,0.0035625724,0.0015812302,0.0006339547,7.4092684e-5,5.6373525
0.003930475,0.0052285213,0.0019920052,0.0013029749,7.672984e-5,4.3701963
0.005341437,0.0032313834,0.0020106263,0.0008309671,6.480142e-5,4.744732
0.0025720182,0.0013095156,0.0013490618,0.00033806398,8.4012376e-5,5.4703326
0.00284313,0.0034939733,0.0008903577,0.00036287142,7.742615e-5,7.9349556
0.0044349874,0.0031821348,0.0014011458,0.0005837985,7.27948e-5,5.185817
0.0034748358,0.0015786239,0.0017022531,0.0004743191,8.350821e-5,4.3828983
0.0038261823,0.0017655253,0.0017002539,0.00052226795,8.362572e-5,4.2401924
0.0047483863,0.0037938596,0.0020857314,0.0008718649,6.366513e-5,4.8295803
0.0044459375,0.003702454,0.0019647346,0.00072809815,6.621104e-5,5.0155563
0.0027730693,0.001333395,0.0015602764,0.00037376586,8.3478575e-5,4.8694663
0.0037631558,0.003526626,0.0013804008,0.0005276864,7.4546035e-5,6.22224
0.003610128,0.0020930627,0.0012504746,0.00043712134,8.5212996e-5,5.2594643
0.0028936856,0.0015556472,0.0012187839,0.00036416008,8.467859e-5,5.521508
0.003710647,0.003521731,0.0016803017,0.0006492184,7.177501e-5,6.4375067
0.0045390325,0.0037632093,0.0019034514,0.0009926949,7.7259254e-5,4.530845
0.0045838216,0.0050363494,0.0009283253,0.0011353565,6.354791e-5,8.329177
0.0035223248,0.003457796,0.0015800645,0.0006211984,7.324908e-5,6.4807806
0.004551893,0.00381378,0.0017281321,0.00089179893,6.566836e-5,6.7006016
0.0036440874,0.0021621122,0.0012318238,0.000435728,8.5120955e-5,5.3889856
0.0044054706,0.0041161375,0.0018811028,0.00090751844,7.206907e-5,4.8344636
0.00443284,0.0033183205,0.0013606845,0.0005905606,7.184521e-5,5.441329
0.0018141044,0.0011452471,0.00035584235,0.00024918522,8.0260885e-5,9.081618
0.0049232855,0.0034866182,0.0021337706,0.0009052059,6.822458e-5,4.554983
0.0031600602,0.0018796466,0.0010565647,0.00037813562,8.4613275e-5,6.2096896
0.004317496,0.003800214,0.0018426322,0.0008056142,7.121313e-5,5.032909
0.004028395,0.0038464505,0.0019811166,0.0009566881,6.429674e-5,6.1862607
0.004778325,0.0036219086,0.0013357095,0.00069586537,7.020543e-5,5.639891
0.005040055,0.0035440547,0.0015350546,0.000742076,6.8786234e-5,5.000711
0.0029402853,0.0032929606,0.0010957156,0.00064079824,7.1777074e-5,8.251811
0.004021045,0.0036627413,0.0017795586,0.0006690184,7.0979135e-5,5.528058
0.0026317223,0.0013413937,0.0013628602,0.0003451165,8.4043306e-5,5.3660774
0.0037168355,0.0034452463,0.0014941894,0.00071759365,6.950862e-5,7.315725
0.0037714932,0.0058118054,0.001979998,0.0015334034,7.516978e-5,4.1508555
0.003294312,0.002525118,0.00052982935,0.00036845732,8.159606e-5,8.416406
0.0047978447,0.0028790804,0.0016058566,0.0006640834,7.46904e-5,4.61376
0.0040883366,0.0037159494,0.0018334064,0.0006695457,6.9406495e-5,5.4613833
0.0042302655,0.0037469743,0.001794343,0.00075898686,7.2169474e-5,5.109787
0.0047245463,0.003698359,0.002041594,0.00079428754,6.4594344e-5,4.6848993
0.005100427,0.0033846467,0.0016510771,0.0007410473,6.870092e-5,4.577749
0.0051533817,0.0033385584,0.0017444702,0.000752381,6.8845984e-5,4.2319207
0.0048825233,0.0035863228,0.00189963,0.0007973185,6.6237284e-5,5.8618073
0.0043785553,0.0028323121,0.0013069962,0.0005290222,8.049483e-5,5.2404985
0.0028504033,0.0020825595,0.0004595322,0.00032984276,8.1888924e-5,8.675559
0.004334597,0.0024791374,0.0014206644,0.0005456051,8.307861e-5,4.846748
0.0031174333,0.0016060671,0.0013922139,0.00040092843,8.4517866e-5,4.940085
0.0024511393,0.0033663474,0.00080243434,0.0003468553,7.712104e-5,8.497254
0.0044755014,0.003673938,0.0016105255,0.00087165536,6.526261e-5,7.29549
0.0049688937,0.0037953747,0.0013117931,0.0007726448,6.891982e-5,6.2008677
0.0047350735,0.0029188772,0.0015826948,0.0006501353,7.384199e-5,4.729557
0.004520138,0.0036700314,0.0019662476,0.00073365244,6.613887e-5,4.9560723
0.00369188,0.0035007389,0.0016718003,0.0006487135,7.186469e-5,6.5023756
0.0050017545,0.003869155,0.0013571889,0.0008218642,6.802502e-5,6.4373126
0.0047129523,0.003997067,0.0020113036,0.0009190132,6.659968e-5,4.8838177
0.0045025614,0.004413607,0.0019946108,0.00096970267,6.993825e-5,4.812053
0.0039401758,0.0019797962,0.0015321166,0.0005150848,8.4045976e-5,4.5213184
0.004694899,0.0035044125,0.0020097636,0.0008802957,6.256669e-5,6.0824647
0.0036923508,0.0036920807,0.0019645116,0.0008781497,6.140793e-5,6.8616505
0.00510648,0.003101593,0.0019949088,0.00081445405,6.651332e-5,4.5744452
0.003930475,0.0052285213,0.0019920052,0.0013029749,7.672984e-5,4.3701963
0.004085267,0.0019848195,0.0016235722,0.00054572505,8.315584e-5,4.3782916
0.0044105495,0.0038637558,0.002022666,0.00093813456,6.498425e-5,5.4243093
0.004042902,0.0035403692,0.0015371834,0.0006496742,7.598126e-5,5.4520493
0.0044711404,0.003986701,0.0018958393,0.0009960533,7.716001e-5,4.565314
0.0042940453,0.003711215,0.0017527501,0.00078747264,7.373597e-5,4.9791474
0.004489157,0.0040838034,0.002028633,0.0009747032,6.600798e-5,5.4107094
0.003563545,0.0034375878,0.0015729226,0.00065433205,7.1828785e-5,6.931225
0.0050031845,0.0026943753,0.0017869787,0.0007260549,7.430373e-5,4.263207
0.0045181415,0.003356568,0.0021040647,0.0012210234,7.869849e-5,4.3943086
0.0044171624,0.0041075456,0.0018965527,0.0010167102,7.724317e-5,4.561243
0.0047826627,0.0042157,0.0015448086,0.0009114994,6.549168e-5,6.8537126
0.00468698,0.003875129,0.0020531176,0.00091450964,6.545698e-5,4.814058
0.0049817218,0.0034868529,0.0018587321,0.00077659276,6.7102344e-5,5.2507644
0.005821504,0.003943113,0.0022698569,0.00058670295,4.350195e-5,5.390963
0.0075089717,0.0051769367,0.002460168,0.00084734097,5.5323642e-5,3.3736706
0.007256506,0.005251558,0.0027699955,0.0017557819,7.619085e-5,3.0626547
0.006260094,0.004086477,0.002372016,0.0006081281,4.295046e-5,4.6135564
0.0055233166,0.0044712564,0.0025442054,0.0008639837,4.9095186e-5,4.795413
0.0060446355,0.0038589123,0.0025171982,0.00075518317,4.3277512e-5,4.268169
0.007787228,0.0036649588,0.002381058,0.00074603694,4.959989e-5,3.388928
0.0066934866,0.004105738,0.0024090009,0.0005900793,4.1242532e-5,3.8566887
0.00631904,0.0039932868,0.0023471562,0.00061924086,4.6177018e-5,4.0418143
0.0068106526,0.0063255057,0.0022956505,0.0010928151,6.395753e-5,4.6944814
0.005302419,0.0049367934,0.0024131567,0.0008009047,4.980199e-5,5.224775
0.0049019903,0.00505153,0.0022016885,0.0008361102,5.211456e-5,6.375837
0.0065623648,0.0064834678,0.0025943292,0.0015795415,7.499024e-5,4.1994743
0.0051424056,0.004491543,0.002558386,0.0009599224,4.9645827e-5,4.8698473
0.0073353713,0.005043213,0.002786757,0.0017640066,7.589683e-5,2.9521542
0.005673931,0.0038767548,0.0025796646,0.0008799184,4.4546698e-5,4.4316444
0.007703016,0.004149921,0.0024313924,0.000808922,5.1243584e-5,3.1847363
0.006039975,0.0040314365,0.00251182,0.00075804704,4.386053e-5,4.266741
0.0066508627,0.006255725,0.0023495771,0.0010635176,6.287948e-5,5.016696
0.007901159,0.0032934656,0.0022275338,0.0008796942,5.7465397e-5,3.3294418
0.007936037,0.00421729,0.0024887864,0.00095317594,5.476203e-5,3.3044724
0.0063206274,0.006407607,0.0023023782,0.0011543144,6.536909e-5,5.1595836
0.0075809094,0.0052091917,0.0024961801,0.0011744853,6.395167e-5,3.6583557
0.007480508,0.003902664,0.0023311973,0.0006629826,5.135751e-5,4.1615963
0.005108733,0.0042574997,0.0022967008,0.00071309204,4.767078e-5,5.9193444
0.0050564962,0.0037928794,0.0025826483,0.001078638,4.894491e-5,4.901098
0.0059046536,0.0052057835,0.0019025349,0.0008639714,5.652063e-5,7.0536423
0.0069800667,0.0053033484,0.002284567,0.00084089924,5.8372556e-5,4.5223327
0.006493425,0.00411914,0.0022747945,0.000520824,4.1027008e-5,4.608156
0.0059196013,0.005760536,0.0020828247,0.00079206977,5.353066e-5,6.5440645
0.0064395964,0.0040114415,0.0024343263,0.00064105046,4.2541047e-5,4.086043
0.00523412,0.003978505,0.0021705222,0.00056952174,4.470622e-5,6.459609
0.004618848,0.004067166,0.0019442498,0.0008179435,5.189543e-5,7.307916
0.007931268,0.0034275143,0.0021576516,0.0007694143,5.3691943e-5,3.3987691
0.0077339653,0.004560369,0.0019501864,0.00061435974,4.410003e-5,4.9935594
0.005178775,0.004965697,0.00221101,0.00077852485,5.0198207e-5,6.142195
0.0075201835,0.0046402174,0.0024580543,0.0008163579,5.3038922e-5,3.9860702
0.0077312426,0.0051334403,0.0025592693,0.0013115711,6.418741e-5,3.4191763
0.0068996837,0.004221357,0.0023818659,0.00054564665,4.032615e-5,3.6594508
0.007903756,0.004032342,0.002404085,0.0008933384,5.208226e-5,3.2741547
0.0048252377,0.004185046,0.0020633622,0.00070451794,4.81311e-5,7.1034346
0.004203319,0.0049663084,0.0023018003,0.00093350175,5.3989243e-5,6.5802298
0.0038352134,0.005153639,0.0023136248,0.0009957255,5.5956163e-5,6.794634
0.005439856,0.005785309,0.002190997,0.0012034281,6.3723164e-5,6.5666466
0.0060373917,0.005571911,0.0022838383,0.000938342,5.421391e-5,5.706669
0.0045035216,0.004395124,0.0021515077,0.00080826046,5.0409413e-5,7.3920937
0.005509713,0.0057522757,0.0021337413,0.001208369,6.445751e-5,6.690096
0.0070378943,0.005452263,0.0023261912,0.00083463785,5.8118596e-5,4.9564166
0.005421427,0.0053066052,0.0020717096,0.0010522812,6.0102997e-5,6.917359
0.0051601497,0.004983778,0.00207157,0.0010038202,5.7344772e-5,7.076424
0.005502144,0.0053136284,0.0023117715,0.0009932799,5.463782e-5,6.041534
0.0062547443,0.004064439,0.0022324654,0.00053473347,4.1551888e-5,5.1486225
0.004016697,0.0044493442,0.0019260136,0.00097116386,5.479261e-5,7.028606
0.004140246,0.004782394,0.0021084584,0.0009514378,5.553777e-5,7.188553
0.0045046746,0.0060291295,0.0021927983,0.0014241589,6.728751e-5,6.337386
0.005261191,0.0052087256,0.0021431302,0.00080585555,5.015297e-5,7.3843875
0.004727299,0.0061254697,0.002257737,0.0014101887,6.704754e-5,6.2357683
0.004970689,0.0066435686,0.002360589,0.0014727578,6.900754e-5,5.4148173
0.0035930546,0.004545128,0.001924877,0.0010739485,5.5294666e-5,6.832134
0.00483742,0.0050093425,0.0020265633,0.0010977834,6.021657e-5,7.4150553
0.0061322856,0.00400844,0.0023227208,0.00059572444,4.2885214e-5,4.8472185
0.0075467275,0.00571333,0.0025910723,0.0014779599,6.9033114e-5,3.5236876
0.0070267455,0.0058648083,0.0023181636,0.0009964627,6.172114e-5,4.448391
0.0077269142,0.0038713396,0.0024068335,0.0007806773,5.043078e-5,3.3966157
0.00475173,0.0049704467,0.0020892913,0.0010602489,5.7137146e-5,7.2161117
0.0053791218,0.0040764357,0.0025918153,0.0009185176,4.7293044e-5,4.79917
0.007572634,0.005504445,0.0027546934,0.001829354,7.529003e-5,2.8058863
0.0072876145,0.0064196107,0.0025937057,0.0015694031,7.5072254e-5,3.474489
0.0071751582,0.004965111,0.0028791165,0.002170988,8.078142e-5,2.7105694
0.007549104,0.0051267827,0.0024539956,0.0010706146,6.2540406e-5,3.7590952
0.004245675,0.005409886,0.002312911,0.000868981,4.9860595e-5,7.869829
0.004146633,0.004360554,0.0022408958,0.00081909064,5.0500512e-5,7.5035
0.0045892363,0.0043032784,0.0026543657,0.0013609908,5.1662526e-5,5.1844172
0.006167408,0.0069620423,0.0025096952,0.0017029413,7.949363e-5,4.701304
0.007450662,0.0048104264,0.002404397,0.0008577085,5.5196688e-5,4.0317473
0.0039664083,0.004929715,0.0023977405,0.0008112845,4.8022095e-5,7.098253
0.007074338,0.0064877435,0.0027448174,0.0015243638,6.621444e-5,3.1568055
0.005615669,0.0067124106,0.0023639223,0.0011991757,5.2210184e-5,5.5481
0.0040004808,0.0067260554,0.0021842525,0.001079856,4.386192e-5,8.649178
0.0055722245,0.0065032598,0.002117306,0.0008886497,5.2503474e-5,6.668379
0.003703131,0.0072077853,0.0018544277,0.0014673012,5.6094257e-5,7.2754083
0.0055574523,0.006317579,0.0021982517,0.0009348611,5.346803e-5,6.2012606
0.0038794868,0.0062590586,0.0019928946,0.001304132,5.5934415e-5,7.255999
0.0055651497,0.0058883475,0.001937124,0.00090355333,5.5668963e-5,7.063218
0.0057142307,0.0062095085,0.0023933633,0.0011019428,5.4534907e-5,5.525118
0.004509263,0.0101628,0.0014878495,0.0020395152,3.9475384e-5,8.983417
0.004529275,0.0051994314,0.0021515407,0.00075595465,4.4265144e-5,8.449228
0.0039654286,0.0065581817,0.002006088,0.0013106883,5.5761724e-5,7.153636
0.0051019425,0.00695487,0.0022211312,0.0010379683,5.340645e-5,6.297836
0.0070745703,0.006668157,0.0025507575,0.0013381443,5.4822358e-5,3.6517797
0.004016685,0.0075256443,0.0021786853,0.001325987,4.1424e-5,8.606711
0.004947437,0.009902924,0.0018396024,0.0021803498,4.2302145e-5,7.297701
0.0059134862,0.006639231,0.0021612297,0.00088913296,5.1464845e-5,6.656464
0.006494318,0.0069711166,0.0024379762,0.0011366534,5.2985284e-5,4.769546
0.004988619,0.0071302913,0.0020023112,0.0011406527,5.3321724e-5,7.338951
0.00046986248,0.00477031,0.0008615733,0.002576115,5.1372048e-5,0.6543992
0.00036513867,0.004790498,0.0007619079,0.002710421,4.9128153e-5,0.41942134
0.0015060677,0.005907488,0.00072740857,0.0034684027,6.813099e-5,1.2496535
0.0007214672,0.0048685283,0.0009630624,0.0024459807,5.2442057e-5,1.1092033
0.0011087384,0.005240383,0.0008476634,0.002580537,5.5937744e-5,1.0136921
0.0012512036,0.0053352746,0.00088834314,0.0025221459,5.4395103e-5,1.2530857
0.001451019,0.005820209,0.00067006826,0.0035067666,6.6998466e-5,1.0727298
0.0014450197,0.005761355,0.0005936432,0.0035249454,6.410899e-5,0.9200629
0.001411669,0.005726307,0.00058179704,0.0035461625,6.417381e-5,0.8634148
0.00040729222,0.004838635,0.00078892556,0.002637678,4.868421e-5,0.50217384
0.0007744888,0.004917539,0.00095650135,0.0024852806,5.2700652e-5,1.0927792
0.00057281967,0.004836622,0.0009234218,0.0024500783,5.1102106e-5,0.9074247
0.00042076907,0.0047906,0.00081337604,0.002631524,5.010442e-5,0.53716147
0.00059855485,0.004835216,0.0009379936,0.002425258,5.141123e-5,0.9589442
0.0005861568,0.004836456,0.00093155325,0.002436389,5.126769e-5,0.936557
0.0006794139,0.0048451847,0.0009520928,0.0024700945,5.258575e-5,1.0319767
0.0006840329,0.0048663286,0.00095787336,0.0024206818,5.185217e-5,1.0807844
0.00040555463,0.0047988496,0.00079777365,0.0026502719,4.964191e-5,0.5031172
0.001439311,0.0057178442,0.0004917551,0.00355584,5.9456335e-5,0.7104734
0.0012018161,0.0052845054,0.00090377126,0.0025030202,5.3755306e-5,1.2955925
0.0006832755,0.0048532747,0.0009540872,0.0024535651,5.235531e-5,1.0516509
0.0007478802,0.0048892717,0.00096104684,0.0024663978,5.2639574e-5,1.1128572
0.00056839647,0.0048063463,0.00092623744,0.0024624649,5.181578e-5,0.888238
0.00059057923,0.0048158867,0.0009320792,0.0024648577,5.1985386e-5,0.9172286
0.0006638487,0.0048473747,0.00095014117,0.002451808,5.2220097e-5,1.0269045
0.0029205554,0.0047152075,0.0017557429,0.0012372431,5.6457215e-5,6.3564053
0.0040039597,0.007211076,0.0020557004,0.0015226309,5.0379575e-5,6.677062
0.004477027,0.0047019753,0.0019010922,0.00094658515,5.2285835e-5,6.958089
0.0033966708,0.004453884,0.0017103984,0.001187675,5.3700598e-5,6.3087897
0.004717461,0.009458056,0.0018784698,0.0025098135,3.700201e-5,6.278775
0.004123839,0.0049019074,0.0018898023,0.0010664951,5.2709165e-5,6.6916556
0.0029350983,0.005022351,0.0018746494,0.0012523249,5.7894358e-5,6.490109
0.0037533438,0.0046154656,0.0018073161,0.0011236222,5.3397824e-5,6.525449
0.0028865554,0.0063170777,0.0016354151,0.0018000838,6.493798e-5,4.893028
0.003314995,0.0045504337,0.0017664714,0.0011980152,5.501099e-5,6.41273
0.0027252878,0.0044955313,0.0016695331,0.0012440248,5.5051234e-5,6.1678195
0.0035866066,0.004859241,0.0019429039,0.0011854032,5.264098e-5,6.4553065
0.003609314,0.006322895,0.0019102182,0.0016414555,6.5820306e-5,4.862963
0.0030269262,0.0046286727,0.0017530179,0.0012974221,5.5014523e-5,6.180095
0.005848448,0.0039442815,0.0023696893,0.00070140953,4.9528568e-5,4.376588
0.007104672,0.004905545,0.0022067649,0.0006801323,4.234359e-5,4.6348085
0.005105855,0.004134659,0.002586554,0.0009767347,4.8433372e-5,4.876071
0.006791496,0.0063177547,0.002855106,0.0025923152,8.6261505e-5,3.349804
0.005294916,0.003947993,0.0026201706,0.0011220707,4.7144764e-5,4.7051516
0.0075361133,0.004951934,0.0024671548,0.0010422308,6.0034694e-5,3.7896426
0.0077080624,0.0047693523,0.0027343482,0.0016497901,7.172128e-5,2.9177227
0.0077272444,0.004208407,0.0023992602,0.00080273155,5.3175856e-5,3.8063555
0.0063591944,0.004346178,0.0024141027,0.00064906053,4.37664e-5,4.199627
0.0057029543,0.004126466,0.0025265724,0.00082290586,4.6216388e-5,4.578714
0.006026864,0.0041241143,0.002476833,0.00073416973,4.5128287e-5,4.4423256
0.0060228924,0.004017478,0.0024215344,0.00070311443,4.6640234e-5,4.364435
0.007559193,0.0046959724,0.0025093553,0.0008465668,5.328412e-5,3.9392455
0.0054609384,0.0046017556,0.0025331753,0.0008886054,4.8554193e-5,4.663771
0.00570183,0.004101104,0.0025553461,0.00084964203,4.5341847e-5,4.4448104
0.007353579,0.0044476255,0.001535844,0.00088065467,6.1228326e-5,5.0935745
0.006251508,0.0040128264,0.0024084887,0.00065995794,4.4733453e-5,4.205269
0.004591613,0.004659533,0.002591783,0.0014047055,5.3230862e-5,5.162357
0.0049496745,0.0049140966,0.00254133,0.0009919138,5.218091e-5,5.03451
0.0077524562,0.0048758104,0.002707509,0.001656177,7.042699e-5,3.0027819
0.006001229,0.004510678,0.0024097264,0.0006977554,4.5782243e-5,4.5878468
0.005537042,0.00451591,0.00250765,0.00085255265,4.837719e-5,4.6795044
0.007473142,0.004468078,0.0027458125,0.0012666874,6.776634e-5,3.0607665
0.004770529,0.004220443,0.0020196734,0.00083209283,5.1490195e-5,7.2871795
0.004462525,0.004245765,0.001994528,0.0008799598,5.285022e-5,7.204767
0.005568755,0.005347989,0.0020258215,0.0010969418,6.254357e-5,7.005761
0.0049254317,0.0050600274,0.002015469,0.0011099246,6.097269e-5,7.405232
0.0051808082,0.005096125,0.0019946997,0.001071482,6.068956e-5,7.3072286
0.004781801,0.004039239,0.002212925,0.0006433396,4.6623893e-5,6.8449054
0.0052839937,0.0060818903,0.0020617468,0.00096291,4.712711e-5,8.332122
0.0050526056,0.0052136965,0.002028966,0.0011551642,6.275019e-5,7.2842703
0.0048085116,0.005388883,0.0020913905,0.00122226,6.353236e-5,7.1405067
0.007160698,0.005295377,0.0023305474,0.00087709946,5.8892765e-5,4.3024693
0.0075663417,0.004254033,0.0028259954,0.0016312381,7.438063e-5,3.0282352
0.004831692,0.004368192,0.002069269,0.0006486721,4.747466e-5,7.3150854
0.007487879,0.005620853,0.0027289467,0.0018084941,7.614156e-5,2.871468
0.0076931007,0.003916143,0.0027287633,0.0012547394,6.683834e-5,3.2724612
0.0069088503,0.005011334,0.002123834,0.0007646419,5.7240963e-5,5.6779814
0.007870931,0.0040428815,0.0024743367,0.0011696717,6.197648e-5,3.190843
0.005708963,0.004415214,0.0024570907,0.00077836314,4.729805e-5,4.7113795
0.0061147665,0.004126311,0.0025377632,0.0007821248,4.3217275e-5,4.1185446
0.007280734,0.0052182153,0.002348286,0.00089925114,5.792404e-5,4.184548
0.0072159185,0.004595129,0.0023005677,0.00073268,5.446346e-5,4.2980547
0.0061193486,0.004288381,0.0024683517,0.0007232839,4.48166e-5,4.2829375
0.006953891,0.0062485845,0.0027849425,0.0022186544,8.26815e-5,3.3320363
0.006340571,0.004439882,0.0024142766,0.00065274606,4.4000062e-5,4.217036
0.00774842,0.004937991,0.0025216294,0.0011762864,6.168258e-5,3.51619
0.0057007847,0.0034995342,0.0025151337,0.00080050563,4.4838973e-5,4.513579
0.004947557,0.0045823446,0.0025563363,0.0009940519,5.105472e-5,5.026933
0.0049278783,0.005800192,0.002155906,0.0013074208,6.5585715e-5,6.5592375
0.0037555895,0.004571844,0.0021124666,0.0009929504,5.5209464e-5,7.1458187
0.0051192814,0.0054309233,0.0024029773,0.0009397367,5.2590756e-5,5.443967
0.0066780373,0.0041578547,0.0023433357,0.0005480538,4.0918178e-5,4.1001964
0.006014183,0.0067674015,0.002371319,0.001379361,6.853701e-5,5.3650436
0.0051378394,0.006000939,0.0021144897,0.00095396885,4.770857e-5,8.285484
0.0071082073,0.0062163956,0.0023716998,0.0011424863,6.531163e-5,4.26847
0.006412414,0.0041133533,0.0021831803,0.0004676507,4.0581428e-5,5.070771
0.0062103164,0.006607132,0.002359879,0.0012256303,6.520952e-5,5.232386
0.007261073,0.0055473773,0.0023625582,0.0009668521,6.0079074e-5,4.1673665
0.005568755,0.005347989,0.0020258215,0.0010969418,6.254357e-5,7.005761
0.004781801,0.004039239,0.002212925,0.0006433396,4.6623893e-5,6.8449054
0.0050526056,0.0052136965,0.002028966,0.0011551642,6.275019e-5,7.2842703
0.007160698,0.005295377,0.0023305474,0.00087709946,5.8892765e-5,4.3024693
0.004831692,0.004368192,0.002069269,0.0006486721,4.747466e-5,7.3150854
0.007487879,0.005620853,0.0027289467,0.0018084941,7.614156e-5,2.871468
0.0076931007,0.003916143,0.0027287633,0.0012547394,6.683834e-5,3.2724612
0.0069088503,0.005011334,0.002123834,0.0007646419,5.7240963e-5,5.6779814
0.0061147665,0.004126311,0.0025377632,0.0007821248,4.3217275e-5,4.1185446
0.0072159185,0.004595129,0.0023005677,0.00073268,5.446346e-5,4.2980547
0.0061193486,0.004288381,0.0024683517,0.0007232839,4.48166e-5,4.2829375
0.006953891,0.0062485845,0.0027849425,0.0022186544,8.26815e-5,3.3320363
0.0057007847,0.0034995342,0.0025151337,0.00080050563,4.4838973e-5,4.513579
0.0049278783,0.005800192,0.002155906,0.0013074208,6.5585715e-5,6.5592375
0.0037555895,0.004571844,0.0021124666,0.0009929504,5.5209464e-5,7.1458187
0.006412414,0.0041133533,0.0021831803,0.0004676507,4.0581428e-5,5.070771
0.007261073,0.0055473773,0.0023625582,0.0009668521,6.0079074e-5,4.1673665
0.004770529,0.004220443,0.0020196734,0.00083209283,5.1490195e-5,7.2871795
0.0049254317,0.0050600274,0.002015469,0.0011099246,6.097269e-5,7.405232
0.0051808082,0.005096125,0.0019946997,0.001071482,6.068956e-5,7.3072286
0.0052839937,0.0060818903,0.0020617468,0.00096291,4.712711e-5,8.332122
0.0048085116,0.005388883,0.0020913905,0.00122226,6.353236e-5,7.1405067
0.0075663417,0.004254033,0.0028259954,0.0016312381,7.438063e-5,3.0282352
0.007870931,0.0040428815,0.0024743367,0.0011696717,6.197648e-5,3.190843
0.005708963,0.004415214,0.0024570907,0.00077836314,4.729805e-5,4.7113795
0.007280734,0.0052182153,0.002348286,0.00089925114,5.792404e-5,4.184548
0.006340571,0.004439882,0.0024142766,0.00065274606,4.4000062e-5,4.217036
0.00774842,0.004937991,0.0025216294,0.0011762864,6.168258e-5,3.51619
0.004947557,0.0045823446,0.0025563363,0.0009940519,5.105472e-5,5.026933
0.0051192814,0.0054309233,0.0024029773,0.0009397367,5.2590756e-5,5.443967
0.0066780373,0.0041578547,0.0023433357,0.0005480538,4.0918178e-5,4.1001964
0.006014183,0.0067674015,0.002371319,0.001379361,6.853701e-5,5.3650436
0.0071082073,0.0062163956,0.0023716998,0.0011424863,6.531163e-5,4.26847
0.0062103164,0.006607132,0.002359879,0.0012256303,6.520952e-5,5.232386
0.0066453223,0.0041288203,0.0024082682,0.0005958808,4.1872845e-5,3.9094338
0.0049951137,0.0047956775,0.0025028326,0.0009414282,5.164148e-5,5.1415515
0.0049817436,0.004922381,0.002488888,0.0009296305,5.1866995e-5,5.2003703
0.0052664345,0.0032734582,0.002636101,0.0009772908,4.4315646e-5,4.669078
0.005905627,0.003982335,0.0025374845,0.0007974663,4.410543e-5,4.3251133
0.005157049,0.0037833727,0.002524562,0.0009875328,5.0298026e-5,4.853002
0.005514148,0.0046351315,0.0025390855,0.00092231494,4.847643e-5,4.614043
0.005721726,0.004405473,0.0025271554,0.00083411153,4.6572488e-5,4.474063
0.0061380593,0.0045706737,0.002403801,0.0006753888,4.527485e-5,4.4618587
0.006414315,0.0040595853,0.0024047368,0.00063136616,4.3734668e-5,4.0811343
0.0053520566,0.003775861,0.002590028,0.00091740035,4.6486035e-5,4.755978
0.006050903,0.004040053,0.0024733501,0.00072682067,4.474796e-5,4.4313655
0.0067454665,0.0041496833,0.002400472,0.00057832384,4.1092106e-5,3.8117707
0.0067245234,0.0037796674,0.0024495898,0.00059827656,3.9420494e-5,3.7521634
0.005508052,0.004762818,0.0024990449,0.0008589145,4.9343103e-5,4.7010803
0.006249017,0.0040145703,0.0023085051,0.00061338185,4.7887752e-5,4.0489855
0.006318993,0.0040321713,0.002434307,0.0006642505,4.3317545e-5,4.198926
0.004984758,0.0037392112,0.0025984645,0.0010968577,4.8415863e-5,4.9326673
0.0065278937,0.004091665,0.0024070689,0.000614922,4.2796288e-5,3.9989624
0.0063371556,0.004066197,0.0022912906,0.0005458875,4.1911346e-5,4.7494493
0.0064364797,0.0040846835,0.0021556446,0.00055168767,5.023846e-5,3.8541183
0.006597245,0.004058456,0.002420726,0.00060966157,4.171564e-5,3.9442337
0.0064779557,0.004079689,0.0024231349,0.0006314388,4.259336e-5,4.0643115
0.006120296,0.0039809966,0.002307734,0.0006336222,4.873315e-5,4.13731
0.005208459,0.003642253,0.0026409724,0.0011748709,4.644671e-5,4.7348113
0.0052020987,0.003491199,0.0026142043,0.0009610635,4.5469278e-5,4.771225
0.005967843,0.0033618377,0.002578561,0.0008087385,4.1557996e-5,4.2155623
0.00604542,0.003994401,0.0023341489,0.0006561911,4.884226e-5,4.220345
0.0068773506,0.0042120577,0.002384988,0.00054996245,4.0486175e-5,3.6836443
0.006618837,0.0041218535,0.0023756237,0.0005858547,4.3072734e-5,3.8797653
0.0076251957,0.00409113,0.002158846,0.0007606519,5.5465327e-5,3.1042378
0.0069412505,0.0042357477,0.0023802535,0.00053559034,4.015702e-5,3.6200552
0.0066108927,0.0041554193,0.0022617218,0.0005026668,4.0480176e-5,4.5481606
0.0074520474,0.006247592,0.0027454905,0.0018778355,7.779416e-5,2.977855
0.0068994113,0.004222142,0.0023831804,0.0005452384,4.0343555e-5,3.6621375
0.0065259812,0.004092052,0.0024173039,0.0006223465,4.2357104e-5,4.0175824
0.0063837003,0.0040571443,0.0021958984,0.00054878445,5.0205657e-5,3.7890635
0.0047843913,0.003748752,0.0026482816,0.0012246193,4.8677593e-5,5.0241337
0.005764199,0.0038045773,0.0024559172,0.0007581293,4.72832e-5,4.5137153
0.005859734,0.0035783711,0.0025454161,0.0007959469,4.316802e-5,4.3949103
0.006728366,0.0041609416,0.0023408951,0.0005529696,4.326985e-5,3.7405448
0.0067372597,0.0042454903,0.0021771544,0.0005114108,3.867779e-5,4.9923153
0.0054637957,0.0034738227,0.0024816939,0.00082104275,4.8255526e-5,4.620072
0.0077589997,0.004647042,0.0025015506,0.0016161571,7.2688366e-5,2.9435592
0.0064770565,0.0040791645,0.0023764186,0.0006088206,4.4121683e-5,3.9904442
0.0059643663,0.0034362033,0.0023442896,0.0007028354,4.9002854e-5,4.178906
0.00617235,0.0039946847,0.0023071913,0.0006253689,4.8378162e-5,4.102437
0.0059994273,0.0042841085,0.0025168734,0.0007767137,4.468036e-5,4.262057
0.005095295,0.004699223,0.0025175782,0.0009406105,5.121403e-5,5.0014834
0.006040027,0.0034685936,0.0023337726,0.00068570825,4.883423e-5,4.1185074
0.0057685357,0.004280574,0.0024642628,0.00077395694,4.6763467e-5,4.6367702
0.006153959,0.0042484663,0.0024880858,0.00072983414,4.4107062e-5,4.198724
0.006138914,0.0038185816,0.0024158913,0.000677951,4.518466e-5,4.2216
0.0058632847,0.004029811,0.002237958,0.00063945993,5.3804073e-5,4.173619
0.00648637,0.0038542096,0.002272754,0.0005587641,4.786036e-5,3.945193
0.0053782114,0.0036239221,0.0025883517,0.0009108609,4.5469842e-5,4.7103214
0.0051176385,0.0053402847,0.0023343856,0.0008090772,5.1380586e-5,5.691085
0.00638237,0.0040494762,0.0023994113,0.000634824,4.4095308e-5,4.0962505
0.0066751516,0.003985892,0.0024379038,0.0006065231,4.0520765e-5,3.8135362
0.005141365,0.0045324317,0.0025767712,0.0010925983,5.0161816e-5,4.858604
0.0070510143,0.004547864,0.0029205277,0.002202639,8.163708e-5,2.408059
0.004508418,0.0035817185,0.0027100798,0.001460498,5.3104264e-5,5.0460143
0.0054231733,0.0035256227,0.0025990845,0.00091084995,4.459975e-5,4.627056
0.006030078,0.0036696584,0.002512328,0.0007472586,4.2963427e-5,4.320551
0.007764165,0.003715121,0.0023177194,0.00069361366,4.797505e-5,3.0367386
0.0062700133,0.003482931,0.002415271,0.000673613,4.4409382e-5,4.0281744
0.00629609,0.003820176,0.002404543,0.0006468455,4.441638e-5,4.0758295
0.006687114,0.004143257,0.0023568221,0.0005670051,4.3107633e-5,3.796613
0.006672984,0.004142702,0.0024034644,0.0005930094,4.1543375e-5,3.881735
0.0058023767,0.0043932516,0.0025215435,0.00081609003,4.614334e-5,4.4187665
0.0077684755,0.0041022478,0.0024058947,0.0007721072,5.2645715e-5,3.7891388
0.0059522656,0.0041303234,0.0025100247,0.0007743609,4.4724537e-5,4.3430037
0.006143602,0.0039887293,0.0024087715,0.00066383556,4.3758868e-5,4.499274
0.0054386603,0.0038181474,0.0025880004,0.00091050164,4.553095e-5,4.611357
0.007063651,0.0043333317,0.0022794313,0.0005655964,3.9562463e-5,3.9599032
0.006470337,0.004376185,0.002468202,0.000669761,4.2534946e-5,3.9137428
0.0056980895,0.0047572874,0.0025187673,0.0008706218,4.7995614e-5,4.494381
0.005550973,0.0034417368,0.0025878188,0.0008757899,4.3845062e-5,4.5620823
0.0050033703,0.004191122,0.0026109617,0.0011682139,4.9524206e-5,4.9159594
0.005644825,0.0039058176,0.00225267,0.0005910462,4.3939264e-5,5.633212
0.007018496,0.004288666,0.0023490535,0.00055608834,3.9201852e-5,3.8142314
0.0059624915,0.0033485102,0.0025531058,0.00079335144,4.216206e-5,4.293475
0.0050605736,0.0036439484,0.002618207,0.0009963575,4.6611964e-5,4.855186
0.00520466,0.004128724,0.002590539,0.0009952894,4.7893835e-5,4.777084
0.004769851,0.0046756836,0.0025838262,0.001167051,5.2316744e-5,5.103622
0.0057685818,0.004384989,0.0024244357,0.00073947187,4.659013e-5,4.777016
0.007838862,0.004274471,0.0023540284,0.0011310477,6.16282e-5,3.09467
0.006826738,0.0042335526,0.0022657788,0.00050340814,3.9426028e-5,4.3273377
0.006320839,0.00403169,0.0024032407,0.00064653356,4.4411277e-5,4.1470113
0.0057095964,0.0037591315,0.0025427884,0.0008252936,4.4648226e-5,4.5152445
0.0064614257,0.0040749246,0.0024232932,0.00063540804,4.2646025e-5,4.0770354
0.005669252,0.0036102678,0.0025546777,0.0008355361,4.4255856e-5,4.535175
0.0063778283,0.004074709,0.0023021076,0.00054862024,4.1868167e-5,4.66157
0.005055069,0.003468955,0.002651104,0.0011145839,4.6030316e-5,4.8173895
0.007764557,0.004115574,0.0024203325,0.0014854114,7.178713e-5,2.9924831
0.0056223753,0.003811175,0.002550054,0.00084299565,4.5414177e-5,4.618597
0.0075884736,0.004944244,0.0028127588,0.0018962886,7.656586e-5,2.7729645
0.0067790556,0.004179168,0.00227675,0.00052019506,4.4756503e-5,3.6039884
0.0065703923,0.004133242,0.002447119,0.00063319434,4.1548854e-5,3.889426
0.005978251,0.0046454044,0.0024245295,0.00071614486,4.6414363e-5,4.547132
0.0053792857,0.0037473326,0.0025998456,0.0009284183,4.5443958e-5,4.6344514
0.005797395,0.0049492633,0.002479864,0.0008518333,4.8166155e-5,4.5389056
0.005584122,0.0048115123,0.0024166568,0.00076551485,4.8404083e-5,4.953663
0.0058397944,0.0037042554,0.0022983076,0.00068200455,5.1268707e-5,4.2522054
0.006198656,0.003836242,0.0023241334,0.00062522513,4.762942e-5,4.036606
0.0054003852,0.0038243243,0.0025942784,0.00092289725,4.564372e-5,4.6243978
0.0063256645,0.003053275,0.0025450187,0.000759889,4.0190745e-5,3.964326
0.005970468,0.0040717004,0.0024792168,0.00074498414,4.518058e-5,4.4520116
0.007788607,0.004389897,0.0026984592,0.0015201366,6.8794405e-5,3.067685
0.00578045,0.004231717,0.0025058694,0.00080240617,4.6169054e-5,4.5017896
0.00653293,0.0040955897,0.0024162326,0.00062123296,4.229288e-5,4.010615
0.006708955,0.0041550784,0.0024017028,0.00058497785,4.1384526e-5,3.8506176
0.0062571624,0.004013003,0.002387981,0.0006498088,4.531765e-5,4.167582
0.0057674465,0.0037701959,0.00241344,0.00073429506,4.8366386e-5,4.439933
0.006785877,0.004179738,0.002396911,0.0005677674,4.1042633e-5,3.7791538
0.0071198065,0.004336226,0.0023301356,0.0005388849,3.8553277e-5,3.7511256
0.0063532814,0.0040425844,0.0023666415,0.000624222,4.5311608e-5,4.066207
0.004917042,0.0050505474,0.0025106096,0.0009696263,5.2711952e-5,5.1536417
0.005096696,0.004362719,0.0026334764,0.0010085476,4.9248392e-5,4.9737
0.006054011,0.0033412182,0.0025632265,0.0007869834,4.138488e-5,4.177193
